pod_name,epi_name,id,level,text,isFriendly,Sentiment,likeCount,replyCount
不合时宜 ,不时夜谈：亲历冻卵之后,673c54a8b0104fd68c13548d,1,妇产科医生科普一下，冻卵复苏（也就是解冻）的成功率在不同生殖中心之间差异非常大，在中国因为缺少相关的经验所以复苏率在60%以下。但是在欧洲辅助生殖技术发达的国家，比如丹麦，冻卵复苏率可以到达90%。当然复苏率与女性年龄呈负相关。但是需要提醒一点，尽管冻下了相对年轻的卵细胞，仍无法降低高龄妊娠带来的相关风险，比如妊娠期高血压、妊娠期糖尿病等。现代科学技术让女性对生育有了更多的选择，但是无论如何生育都有其相关风险，而风险与年龄有很大相关性，我们仍无法和大自然扳手腕，所以对生育的选择要各方权衡。,True,0.8703749179840088,54,3
不合时宜 ,不时夜谈：亲历冻卵之后,673c1c972ad03f4345ac7577,1,25:07 我觉得李行亮不是感觉不到，是他自己不愿意感觉，故意忽视对方，所以麦麦才会越来越崩溃。李行亮真的很恶,False,0.9146583676338196,35,1
不合时宜 ,不时夜谈：亲历冻卵之后,673c23620eb9eacd14125527,1,还没听。之前庞颖就说冻了以后觉得是资本主义消费陷阱:face_with_tears_of_joy:,False,0.7263421416282654,21,3
不合时宜 ,不时夜谈：亲历冻卵之后,673c04a218c12d34c035a252,1,好可贵的分享,True,0.9390873312950134,20,0
不合时宜 ,不时夜谈：亲历冻卵之后,673c02837a73750394f7305d,1,20:44  好想知道网络暴力怎么就没有影响到杨子呢,False,0.6831066012382507,12,2
不合时宜 ,不时夜谈：亲历冻卵之后,673cc7ff9a5b429da02d84e7,1,去年林玮婕也分享过、我听完彻彻底底放弃了这个念头。个人觉得真的要生就早点找对象早生孩子吧…不然就放弃…晚婚晚育顺其自然。,False,0.8895958662033081,10,0
不合时宜 ,不时夜谈：亲历冻卵之后,673c1efdd89e3a1d23844e17,1,大家千万别效仿！冻卵就是个坑！,False,0.9473064541816711,12,4
不合时宜 ,不时夜谈：亲历冻卵之后,673c5e97a637a92f0b9534a4,1,我断网了，请问常老师去哪儿了？为什么好久不上节目了？,False,0.8432565331459045,8,1
不合时宜 ,不时夜谈：亲历冻卵之后,673c649b84982b1cf905325f,1,那做过冻卵的我也分享下吧，首先，冻卵如果想毕竟便宜，可以选择泰国，日本，香港，金边等地，价格都在3w左右一轮，但一定问清楚可以储存的时限以及具体使用规则，有些地方单身可用，有些地方必须提供结婚证,False,0.8184759020805359,8,0
不合时宜 ,不时夜谈：亲历冻卵之后,673c899de7b07f23957bed11,1,55:37 阴超真的……做完之后整个人都不好了（如果有人觉得说没事那你别说话,False,0.9349893927574158,6,1
不合时宜 ,不时夜谈：亲历冻卵之后,673c64f6b51f9b5f6896f99b,1,"不是说冻卵是陷阱，只是假设你取出来12颗卵子，看似很多，但卵子的数量不等于质量，只有和精子形成胚胎才知道胚胎好坏，何况有些人还要做三代试管，形成胚胎再筛查，真正剩下来几个能用很不确定

所以现在都推荐直接冻胚胎，或者冻多轮

卵子极有可能一个周期都是低质量的，多冻几轮更能确保最后有可用的，而且越年轻冻的卵子，筛查出染色体问题的几率越低",False,0.7869755029678345,7,0
不合时宜 ,不时夜谈：亲历冻卵之后,673ded28824fd7cf011abe07,1,还没听，看了评论区，我比较想听一听对自己血缘/基因的执着,False,0.92501300573349,5,0
不合时宜 ,不时夜谈：亲历冻卵之后,673cb4633aefe3045c38351f,1,1:05:35 不会吧，搞文化研究的人应该知道资本的力量，资本主义文化的血液是广告，而广告从来不兑现诺言（参考梁文道《一千零一夜·观看之道》）。既然是广告，就会刻意屏蔽一些注意事项和风险，会扭曲一些科学知识的传播与表达。在日常生活中，应该不断练习区分广告与客观有用知识的能力。,False,0.6204376816749573,4,0
不合时宜 ,不时夜谈：亲历冻卵之后,673d2bec76e632b7c15aa318,1,22:03 做音乐这种创作型工作的人竟然在生活中不敏感，让人不能理解，本质就是不关心身边人,False,0.7407816052436829,3,0
不合时宜 ,不时夜谈：亲历冻卵之后,673cc86a54768cc469ffe727,1,相对来说冻囊胚的成功率要高一些。冻卵如果不是打算做代孕，很大可能只是暂时的心理安慰。,False,0.8153960704803467,5,0
不合时宜 ,不时夜谈：亲历冻卵之后,673d913135a0ff1612b7bdb4,1,节目很有意义，谢谢分享。也想知道，希望有自己的孩子但没有条件冻卵或生育的单身女性，如何渡过她们的三十四十岁。毕竟很多女性也都在经历着，想听一听她们的声音,True,0.9453891515731812,2,0
不合时宜 ,不时夜谈：亲历冻卵之后,673c2ff6d0f10bff30164653,1,"听的过程中有好多思考，从“！我也要去冻卵”到“感觉好痛”到最后有点像站在一个旁观者视角听了一个故事（但不得不说，体验也足够有意义，经历肯定能改变某一部分的自我）。
但依旧感谢这个分享，我了解到了一种对于“生育”的新的可能性，我的可选择又多了一个。:palms_up_together::red_heart:",True,0.9404220581054688,3,0
不合时宜 ,不时夜谈：亲历冻卵之后,673ce0adb51f9b5f68ebf604,1,我今年也35了。我一直吃着长效避孕药，最近这两年换了荷尔蒙剂量小一点儿的药之后月经减少为一季度一次了（如果想要用来调整月经可以尝试换药试一试）。年初我去查了amh子宫超声波都正常，但是我和伴侣基因检测出我们带有同一序列的听力受损隐性基因（我们的孩子有25%的可能会遗传到两个基因从而听力受损）。我现在卡在是要做试管（涉及到成功率有可能不止取一次卵）还是等怀孕四个月左右做穿刺检测（如果有问题我还得跨州停止妊娠），哎 ~,False,0.619419515132904,1,2
不合时宜 ,不时夜谈：亲历冻卵之后,673cccbc2558df152d518d44,1,选择冻卵何尝不是一种女性困境，这档播客一直都是在分享和讨论如何看到和解决这些结构性的困境，弱者，权利下位者和失语者的困境。真心希望俩主播朋友之间的讨论中透露的互助感，能够缓解些磬无奈，焦虑和痛苦经历。我一直欣赏两位主播温和且主客分离去讲述自己的看法，尊重别人的选择，少些不明所以的评判，会长期听这个播客的听众，继续学习做理性思辨的独立个体。,True,0.9353116154670715,2,0
不合时宜 ,不时夜谈：亲历冻卵之后,673dbee735a0ff1612d7c879,1,1:09:00 有这样的伴侣真好,True,0.8919684886932373,1,0
不合时宜 ,多元的世界好难，多元地相爱或许可以,67318b603411608732526d0a,1,"我听完这篇博客，第一直观的想法其实是，我比较抵触多元关系，所以我是一直带着质疑的心态去继续往下听的。诚然，在现代社会，我们所处的环境里，开放关系/多偶制其实是顺应父权制和男权社会的，对女性去践行开放关系是相较男性来说是非常困难的。
	我第一次听到多元关系是看致命女人第二季里第三个故事，即便在第三个故事里，开放关系的主导权在女生这一方，不免最后依旧陷入到危险的境地里。也许是我自己的思想只能接受单偶关系，另一方面，我并不会去质疑其他人的多偶或者开放关系。然后是博客里那个男生提到纸牌屋，这部美剧我看过，那时候我并不会认为彼此是开放关系，我的第一视角就是一对夫妻为了权力，互相帮助又互相出轨，他们的相处模式我看不到爱和幸福，他们都是空心人，需要权力，欲壑难填。所以通过对权力渴望这一绑带，把彼此绑在一起前进。
	人心不可直视，克制和自我约束管制太重要了，这是我个人的看法。在收听过程中，我能很明显地听出来男生这边的语气相较另一位女生，更加的轻松自洽。女生在提到家人，乡村，单身等状态时的平静，我感觉有点活人微死的状态，我很难想象到她能在那个处境里找到什么样的开放关系，还是说她知道自己在清醒地沉沦，但是我又会自作多情地去担心这个女孩最终会被分食地一干二净。而男生提到自己的“百人斩”、“开放关系”时的语气和状态明显开朗很多，他似乎知道自己有底气，或者有拖底，也提到了结婚的概念，另一方面提到如果Jonny想要去寻找第三方，男生这边又有轻微的懊恼和自责。我感觉本质上，大家对于开放关系的契约能否真正遵守是存疑的，like a moth to flame.
	另一方面，多偶和单偶最后能否保持平衡，很重要的是人，参与到这段关系的所有人，比如A多偶，B多偶，C能接受多偶吗？我认为肉体是灵魂的居所，我要尽可能保持肉体的洁净，让我的灵魂住的舒服自洽，我本身是安全感特别少的人，而且我发现只能自己给自己安全感。我只觉得越多的人就存在越多的扰乱因素，单偶的平衡性在我个人视角会更好，另外我最认可的点是如何向内求。
	欣赏、尊重、看见和被看见这些组成了爱，我很难接受和不爱的人性交合，或者说我很难把精神和肉体分开。向内求其实是能够自我完全接受，我一方面难以接受外界对于开放关系的质疑，另一方面自己内心也过不去这个坎。很重要的是自己能否接受自己的脆弱和不安，承认这些不安全感，然后重新再把自己养育一次。物质决定意识，这一点非常非常非常重要，我认为高质量的关系，不论是否开放或单偶，都建立在物质丰裕的基础之上。
	亲密关系其实是照镜子，在和对方的相处过程中，开心或破碎都是自己的反射，我会在亲密关系里蜕化成幼我和巨婴，我希望别人可以包容我照顾我，心甘情愿地为我付出，但是其实这非常病态，我不能要求对方成为我的母亲，另一方面，我也不想做对方的母亲，所以这种心态会给对方非常沉重的负担，我意识到我在亲密关系里逐渐失去了自我，把自己的注意力和期许全部押在了对方身上，这很恐怖。我在逐渐找回自己，让自己开心快乐和幸福成了我现在的锚点，我曾经把锚点抛在对方身上，这对彼此都太沉重了。以过冬的心态去过春天，自己能自洽，心甘情愿地去爱，付出，及时互相沟通，解决一个一个问题，是我一生的课题。我希望得到内心真正的平和自洽，得到自我的信任和认可，拥抱幸福。",False,0.9147851467132568,89,10
不合时宜 ,多元的世界好难，多元地相爱或许可以,6731e01238069cdcb04a9c32,1,一直都觉得得是多么有钱有闲的人，才可以有精力维持多元关系。。。普通人连养活自己实现个人成长都应接不暇。。。,True,0.8903259038925171,91,5
不合时宜 ,多元的世界好难，多元地相爱或许可以,67317f1800aa65435896e353,1,在父权社会中建立的异性关系，无论是单偶还是多偶，其中的女性都要特别警惕剥削现象（肉体／情感）。因为关系中往往会有强势方和弱势方，弱势方容易被强势方剥削。而在父权文化的压力下女性往往容易成为弱势方。希望所有跟异性建立关系的女性都能对此有所警惕并保有主体性,False,0.8926531672477722,52,1
不合时宜 ,多元的世界好难，多元地相爱或许可以,67315ed9b3fc7c87c9fe775a,1,https://www.xiaoyuzhoufm.com/episode/5f5c544a83c34e85ddbf80a9  四年前的节目,True,0.5951856374740601,31,1
不合时宜 ,多元的世界好难，多元地相爱或许可以,673152ecf380c697146956d8,1,"“信任、尊重、理解，是我们在所有关系中渴望获得的”。感觉理解与被理解是最困难的，当然努力去理解（对方)的心意和态度永远对于渴望被理解的人来说是十分感动的，其效果或许与被理解相差无几。
昨天晚上开始痛苦、失落于心理情感的空虚与空缺，早上看到这期播客推送的时候有一秒就感觉一个小救星从天而降！:loudly_crying_face:不知道真的是我还不够打开去尝试进入和创建多远关系和爱，还是身边具备这样条件的人确实少。enfj该如何处理给予他人情感需求和满足自己的内在矛盾呢（哭）",False,0.9409814476966858,23,2
不合时宜 ,多元的世界好难，多元地相爱或许可以,673179bbfd53c762068162ad,1,孟常是去哪里了,True,0.6491926908493042,19,2
不合时宜 ,多元的世界好难，多元地相爱或许可以,6732e60f6793cdec0ecb0e23,1,首先我觉得主播聊的话题在目前的舆论环境下是需要很大的勇气的，这点值得肯定。不过因为这个话题的敏感性，或许也一定程度上限制了嘉宾的自我剖析深度，如嘉宾似乎有一种预设的立场：多偶关系是一种颠覆传统束缚而做出的更理智的选择。这样的预设立场，似乎阻碍了探讨在选择中犹疑的状态，以及和传统关系群体之间的矛盾等面向。当然也理解，或许囿于内容发布的方式，这些内容在公开场合也不便于探讨。,True,0.9074050784111023,18,1
不合时宜 ,多元的世界好难，多元地相爱或许可以,673168ad028b9a3124a4227a,1,1:01:20 杨一所羡慕的传统单偶婚姻里的经济帮扶，可能是你所观察的对象恰好如此，实际上这种理想的帮扶关系，主要取决于人而不是哪种关系模式，单偶关系里不帮扶的也很多，开放关系里我相信良好的感情基础下必要的帮扶肯定也存在。,True,0.7280372381210327,19,0
不合时宜 ,多元的世界好难，多元地相爱或许可以,673156a0fee70be0ae7b8f58,1,5年前的节目反复听过4遍，有很多启发，这些年我的生活跟关系也经历了很多事，没想到还有后续，太惊喜了:loudly_crying_face:,True,0.95461505651474,12,1
不合时宜 ,多元的世界好难，多元地相爱或许可以,6732a8bb3d5188ec0109421d,1,33:27 在单偶制的关系中人们倾向于把安全感寄托在另外一个伴侣身上，多元关系则更鼓励人们划定安全感的边界——有些安全感只能自己给自己,True,0.8054885268211365,11,0
不合时宜 ,多元的世界好难，多元地相爱或许可以,67344e009bb44db5feffc7f5,1,01:06 没人好奇孟常去哪了吗,False,0.5585797429084778,9,0
不合时宜 ,多元的世界好难，多元地相爱或许可以,67362d0629aa5d9c745fb565,1,听下来，多元关系的践行者们都没孩子。没孩子的世界还是太简单了，easy mode，听感说实话 ，搭一些多元关系的模型玩玩听着也像在过家家。期待有娃模式的hard mode的经验分享,True,0.9199161529541016,6,1
不合时宜 ,多元的世界好难，多元地相爱或许可以,673338f3e74dd13e2167dbb0,1,1:02:27 这个地方听起来有点矛盾和不可行。本来多元关系就是为了突破传统单偶关系的单调绑定，要更多的自由，但如果像Alex说的，寻求一种多元的准家人关系，那相当于绑定多个人。对一个人来说，如果他选择单偶，他仅对这一个人负有人生支持的责任。但是他若选择多元准家人绑定，他就要为多个人负有人生支持的责任。他能够做到么？这种多元准家人关系中，大家彼此付出多少，又面临复杂的平衡问题。一个人对多个准家人分别付出多少，又是一个平衡的问题。感觉难度系数好高。那么更根本的一个悖论是，多元关系究竟是追求自由还是追求多元绑定。,True,0.7564992308616638,7,0
不合时宜 ,多元的世界好难，多元地相爱或许可以,6732fa7b879fc26a668b8c18,1,56:48 这种对异性恋单偶关系的观察，是否也是一种刻板印象呢？,False,0.8748948574066162,7,0
不合时宜 ,多元的世界好难，多元地相爱或许可以,67322ea1b3fc7c87c9925471,1,"24:04 关于开放关系的书：Polysecure: Attachment, Trauma and Consensual Nonmonogamy",True,0.9354089498519897,7,1
不合时宜 ,多元的世界好难，多元地相爱或许可以,673187592bf8582d44555c17,1,主播们好，对第一个听者的提问我有这样的思考：Alex说假设有一方在开放性关系中对不同对象各有一番说辞，即不够充分坦诚，存在隐瞒和欺骗，其实就是对出轨的一种合理化而已。但目前国内现有的环境下，这种新型关系是不被普世价值观认可的，大多数人在观念上首先就很难接受，就像杨一说的单偶观念已经完完全全渗透了，要满足大家都能达成共识的开放关系其实是很难的，这时候或许就有人为了满足自己的利益而去欺骗，是不是很容易让一些人打着开放关系的旗号从中钻空子呢？,False,0.8540133237838745,11,1
不合时宜 ,多元的世界好难，多元地相爱或许可以,6731dbca780e19e496705495,1,开头 Alex 说得太棒了！这个比喻再恰当不过了！:red_heart:,True,0.9553008079528809,7,0
不合时宜 ,多元的世界好难，多元地相爱或许可以,673965bf8bc4678792ed9228,1,开放关系的确是一种门槛高得多的关系，流动和不确定意味着自己需要更多的独立性。其实我觉得评论区对开放关系的质疑是把开放关系放到婚姻的水平线上去看了，并且有点大型多人play的感觉？我个人理解的开放关系是一种小型的社区，彼此照顾彼此安慰，可以洗衣做饭逛街谈心，性只是平凡关系里的一部分，每个人不必需要承诺属于谁，也不需要宣告占有谁，只需要享受自己当下最想要的就好，当然关系的建立不是随心购买服务，人与人之间的信赖和爱慕都是具有创造性的，需要个体真诚的投入其中。开放关系只有在一个人也没关系可以照顾好自己的情况下才能有开始的可能，并且始终要能在关系里保持任何拒绝的自由。如果总是对对方抱有特定的期待是无法走出人与人控制关系拉扯的泥沼。开放关系的成立应该更接近于朋友、族群，而不是婚姻。,True,0.8605961203575134,5,0
不合时宜 ,多元的世界好难，多元地相爱或许可以,6731c3a6a89d38d1b29e0b95,1,请问Alex提到的欧洲除了Tamera社区还有什么？,False,0.6490954160690308,5,1
不合时宜 ,多元的世界好难，多元地相爱或许可以,673153251900cdaeece8eab2,1,冬天到了，年底啦，杨一纷纷出现啦！80后传媒史也不远咯,True,0.9492295384407043,9,0
不合时宜 ,性别之战：美国离第一任女总统还有多远？,6724021993df0c0923c196a2,1,希望这个距离是一周。,True,0.6880596876144409,196,9
不合时宜 ,性别之战：美国离第一任女总统还有多远？,67241ca7f9872ed374ad370e,1,不希望性别影响她当选总统，也不希望因为性别肤色她当上总统,False,0.8499353528022766,79,2
不合时宜 ,性别之战：美国离第一任女总统还有多远？,672855be864b001fbe0c4be7,1,这期讨论的是性别议题在大选中的影响，评论区让人去了解美国政策和国情的人请出门左转找政治经济类播客听，主题都听不明白建议少在这里指点江山。,False,0.8771180510520935,34,2
不合时宜 ,性别之战：美国离第一任女总统还有多远？,67241185761c0429fa24825d,1,还是最好多看看政策，毕竟是选总统，不是选总统性别,True,0.9041872620582581,91,6
不合时宜 ,性别之战：美国离第一任女总统还有多远？,6724386d15d7bcde68f8f4fb,1,性别不应成为优势也不应成为劣势,False,0.8529919981956482,33,0
不合时宜 ,性别之战：美国离第一任女总统还有多远？,672962a2258ec314ea8cc627,1,你们这么多年在国外都学了些什么，这就是所谓进步派？保守主义男性就都是厌女？就这么简单给人帖标签？,False,0.549143373966217,28,2
不合时宜 ,性别之战：美国离第一任女总统还有多远？,67240b23761c0429fa1fe29a,1,明明是立场和党派的问题 和性别有什么关系,False,0.9103364944458008,64,6
不合时宜 ,性别之战：美国离第一任女总统还有多远？,672586a304a5a90480187582,1,不合时宜每次聊这类，就可以期待一下评论区了。,True,0.8848704099655151,42,1
不合时宜 ,性别之战：美国离第一任女总统还有多远？,672418c7fde95f83d55ef65f,1,harris有端出什么清晰明确的经济政策吗？,False,0.5216231346130371,19,6
不合时宜 ,性别之战：美国离第一任女总统还有多远？,6724290456ce5883a9e09e84,1,04:31 kamala，怎么读很重要。她自己和一般支持她的都是把重音放在第1个音节上，反对他放到第2个,True,0.6957665681838989,19,4
不合时宜 ,性别之战：美国离第一任女总统还有多远？,672abc4d154fe5d26b6a8894,1,选总统是选的是脖子以上，不是腰部以下,False,0.8508248329162598,18,1
不合时宜 ,性别之战：美国离第一任女总统还有多远？,6724ddbf6ff376c1c9e77eae,1,29:29 马斯克这句话真的太恶臭。。,False,0.9248077273368835,27,0
不合时宜 ,性别之战：美国离第一任女总统还有多远？,672458e5d1b1e7e2c26ea5f5,1,34:51 这话说的是不是有点太符合“精英的傲慢”了？懂微积分的人，自己去地里能种出庄稼来嘛？,False,0.816882312297821,16,2
不合时宜 ,性别之战：美国离第一任女总统还有多远？,672b07f419a9abbfe43ce789,1,笑死了，贴一堆标签。哈哈姐这么拉，结果一堆人因为她是女性就支持她。,False,0.9218522906303406,23,1
不合时宜 ,性别之战：美国离第一任女总统还有多远？,672439676d73a6a2ca5347c4,1,啊这，希拉里和哈里斯同台竞争的话没人觉得哈里斯有资格当总统吧，毕竟副总统都当的不够出色。,False,0.8724362254142761,15,2
不合时宜 ,性别之战：美国离第一任女总统还有多远？,67273776f1dc216a69655c45,1,"有关特朗普和哈里斯的对决，听了各平台的博客、看了各微信公众号的分析，一些视角（例如从股票投资来看资本和民意走向）对我自己很有启发，但更深切地感受到的到还是同温层的存在。
坦白说，除了不合时宜，绝大部分都认为特朗普赢面更大；并且对他们而言，性别在总统竞选中还“上不得台面”，更别说像嘉宾认为的那样已经成为“突出议题”了（并非反对嘉宾的观点）……
哈里斯的女性身份在大部分人看来只是一种“政治正确”的buff叠加（无论她和竞选团队是否强调），堕胎权相关讨论哪怕非常重要也不足以撼动整个局面（事实上大部分根本就没有提到性别议题，我觉得这和哈里斯的女性身份是两码事）。
所以我非常好奇：
单纯（或者主要）因为性别政策或者性别议题而支持哈里斯的会有多少人呢？
如果说上一次希拉里和特朗普对狙时MeToo等一系列女权主义运动还未开始、很多人（无论什么gender）还未迎来自己“女性主义/性别意识觉醒元年”，那现在这又会促使多少人更严肃认真地对待投票、参与公共政治空间（这一空间无论在什么时代、无论在什么地缘政治背景下都是绝对的男性主导空间）？
而美国毕竟不是一人一票而靠选举人团，而这又会对性别意识觉醒的助推造成多大影响呢？……
一边悲观地期待着第一位女总统的诞生，一边希望听到不合时宜以及嘉宾介绍更多新鲜的相关研究！",False,0.9192143678665161,13,0
不合时宜 ,性别之战：美国离第一任女总统还有多远？,672435142f878e627018e883,1,"克林顿说过：“笨蛋，问题是经济。
欧洲法国反对党勒庞 意大利梅洛尼还有德国极右反对党都是女性
选举各种民调机构做各种数据，比方说共和民主两党选民关注各种议题的比例，包括男女年龄关注的比例的分布。
结果聊美国选举做一个简单的调查都没有吗？",False,0.851791501045227,21,1
不合时宜 ,性别之战：美国离第一任女总统还有多远？,67269bd6896264e2fae2da1d,1,男的失去自我的气质不是自己的原因吗，怎么还怪到女人头上了。,False,0.7356871366500854,24,2
不合时宜 ,性别之战：美国离第一任女总统还有多远？,6727c78e8fa79eb8ec2791d8,1,35:43 基于什么逻辑相信有一位女性总统就能切实改变女性的社会地位和权益呢？上野千鹤子也说到过厌女也有女性帮凶,False,0.6925061345100403,9,5
不合时宜 ,性别之战：美国离第一任女总统还有多远？,67245bc96ca94e4a1bd9a612,1,几位主播有一定的性别保守主义倾向，不要把哈里斯定义为女性，也不要把特朗普定义为男性，这是一种狭隘的思想。,False,0.9181813597679138,29,3
不合时宜 ,“然后我们跳起了舞”：当亚裔故事，生长在《女人世界》,671f5e535d92622e2329736d,1,"大家好～以下是「MoveFree 不合时宜」双十一专属折扣领取方式： 
1 m.tb.cn 进入MoveFree专属购买链接
2 复制淘口令：77:locked_with_key:dcZG3OoXHow:old_key: （专属淘口令）进入MoveFree专属购买链接
3 在淘宝搜索：MoveFree益节或“益节”找到官方海外旗舰店（不要进错店啦），向客服报暗号“不合时宜”，即可获得专属链接",True,0.8437167406082153,0,1
不合时宜 ,“然后我们跳起了舞”：当亚裔故事，生长在《女人世界》,671f0f15641757d914fe35d1,1,随机波动也聊了,False,0.8103229999542236,9,1
不合时宜 ,“然后我们跳起了舞”：当亚裔故事，生长在《女人世界》,671f6b5da9a1680b92ed94b5,1,还没看已经被打动，要和妈妈一起去看，希望她的退休生活自由自在,True,0.9516491293907166,7,1
不合时宜 ,“然后我们跳起了舞”：当亚裔故事，生长在《女人世界》,671f2ea75260100e74dca80f,1,18:18 天呐，柔软的盔甲，好会形容！,True,0.9108507037162781,4,0
不合时宜 ,“然后我们跳起了舞”：当亚裔故事，生长在《女人世界》,672dd60ad5a75bf11a1e93cb,1,今天刚2刷完，真的很喜欢这部电影，打算3刷,True,0.9530030488967896,1,0
不合时宜 ,“然后我们跳起了舞”：当亚裔故事，生长在《女人世界》,672dce8b8577df9faf2da901,1,昨天刚看完。让我这个抑郁症的人，感受到了希望。,True,0.9550310373306274,1,0
不合时宜 ,“然后我们跳起了舞”：当亚裔故事，生长在《女人世界》,672871e806277411baf83462,1,1:06:21 啊主播们的恋爱脑有点过了吖，现在女孩可有信心了，一辈子找不到爱情找不到亲密关系不代表不可以活在爱里,True,0.8938966989517212,1,0
不合时宜 ,“然后我们跳起了舞”：当亚裔故事，生长在《女人世界》,671fce79a9a1680b92358443,1,听到这里正好在学校群里刷到周日的预映 那一定要去看了!,True,0.9418935775756836,2,0
不合时宜 ,“然后我们跳起了舞”：当亚裔故事，生长在《女人世界》,67213dda9dd0990ca5735572,1,48:13 前天刚刚去一位哈瓦那华人家里家访，阿姨的外祖父是华人，曾经白手起家，坐拥多家连锁店铺。阿姨给我们看了许多家族老照片，以及她小时候在家里别墅的照片，那时候古巴华人的生活方式非常精致得体。不过都是革命之前了，跟现在的哈瓦那天差地别。至今阿姨家里还处处有许多中国元素。,True,0.850348949432373,1,0
不合时宜 ,“然后我们跳起了舞”：当亚裔故事，生长在《女人世界》,671f52ca2b8efab99b01bfbe,1,46:28 “广东开平荻海镇”，现在是三埠镇荻海埠，据《新宁县志》载，荻海在清道光十九年（公元1839年）时叫茭荻咀圩，后于咸丰年间扩建，因环绕它的茭江边满生荻草而得名荻海。荻海原是余姓聚居之地。是的，Coby也是姓余。,True,0.5972808599472046,2,0
不合时宜 ,“然后我们跳起了舞”：当亚裔故事，生长在《女人世界》,671f4cd15260100e74f2d6bb,1,我忘了，好像是去年在上海的苏州河畔，Ocat还没关门的时候有一个展览，就有介绍一个老年人的舞蹈团，不知道是今天播客里介绍的这个吗？还是说那只是之前老上海的或者是海外的别的艺术团体？忘了。,False,0.5154992938041687,2,0
不合时宜 ,“然后我们跳起了舞”：当亚裔故事，生长在《女人世界》,6736084eb9b61467422819d6,1,见到导演本人了:face_holding_back_tears:也是非常温柔强大的女性,True,0.9384263157844543,0,0
不合时宜 ,“然后我们跳起了舞”：当亚裔故事，生长在《女人世界》,673148805921225b8e5ef4bf,1,请圆圆新书上市时广而告之，一定要去买,True,0.9487684369087219,0,0
不合时宜 ,“然后我们跳起了舞”：当亚裔故事，生长在《女人世界》,673138dd6974f84b23f84c93,1,听完这期隔了十几天才盼到纪录片上映，看完再回听，还是想跟圆圆说一句，谢谢，太感谢你了，影像化这群生命力鲜活的华裔阿姨们，让我看完了关于唐人街的几本书后有更深的感受。圆圆一定是很温柔很温暖的朋友，才会让阿姨们叔叔们如此信任。另，祝愿暂时跟柯比分开的史蒂夫能一切都好，带着柯比那份对生命的热爱继续好好生活下去,True,0.9447976350784302,0,0
不合时宜 ,“然后我们跳起了舞”：当亚裔故事，生长在《女人世界》,6730c4501b9a6bdba65712e9,1,昨天看完了，深受感动，感谢大家把这么好的作品带到台前^O^,True,0.955077588558197,0,0
不合时宜 ,“然后我们跳起了舞”：当亚裔故事，生长在《女人世界》,672c543c3fc48261b180f84e,1,看完了 88分钟电影从10min开始就掉眼泪 最后字幕都没了还在看 88分钟看出了188分钟的感觉 太好了 真的太好了:face_holding_back_tears::face_holding_back_tears::face_holding_back_tears::face_holding_back_tears:,True,0.9096691012382507,0,0
不合时宜 ,“然后我们跳起了舞”：当亚裔故事，生长在《女人世界》,672c2c64b8111bac2098fa52,1,想知道使用拼贴手法弥合华人的 studio 和摄影集的名字！,True,0.5626909732818604,0,0
不合时宜 ,“然后我们跳起了舞”：当亚裔故事，生长在《女人世界》,672a11d602d648432466612d,1,很喜欢这部电影！我们组织了《女人世界》深圳11.16女性及性别酷儿专场，有兴趣的友友可以取伙圈子:magnifying_glass_tilted_left:大声说话！,True,0.9317889213562012,0,0
不合时宜 ,“然后我们跳起了舞”：当亚裔故事，生长在《女人世界》,6728e9dd5c8874d95222de8f,1,07:33 无尽的自我规训,True,0.6381099820137024,0,0
不合时宜 ,“然后我们跳起了舞”：当亚裔故事，生长在《女人世界》,67277a998fa79eb8ecf4419a,1,这些听的过程中最多的感受是：感动、有能量、好幸福～谢谢导演～,True,0.9556242227554321,0,0
不合时宜 ,“然后我们跳起了舞”：当亚裔故事，生长在《女人世界》,6722c9763922808719cd3c98,1,我看有路演，在哪购票呀,True,0.7588787078857422,0,0
不合时宜 ,中国人的餐桌真的健康吗？一个营养师眼中的全球健康真相,671bb1d6e3b19b211705f331,1,32:24 纯个人看法：国内对女性不是以瘦为美，是往幼的方面畸形倾斜去要求女性！幼就躲不开瘦这个状态，但是又不能明着说幼这个词，换个瘦的说法掩人耳目,False,0.6807722449302673,104,6
不合时宜 ,中国人的餐桌真的健康吗？一个营养师眼中的全球健康真相,671b85e38449250c92db7188,1,44:20 健康关键点总结：食物多样性、植物性食品为主、少盐（5g以内）、少糖（25g以内）。,False,0.8863679766654968,67,1
不合时宜 ,中国人的餐桌真的健康吗？一个营养师眼中的全球健康真相,671b9576af651d084966b1be,1,天呐，抓住我超爱的顾老师！！,True,0.9433101415634155,22,1
不合时宜 ,中国人的餐桌真的健康吗？一个营养师眼中的全球健康真相,671e81d043943c7e1dc939eb,1,39:32 我也是公卫学生/从业者，越来越觉得很多公卫问题，尤其是营养相关，跟个人的社会经济情况有很大的关系。比如有没有经济能力去获取新鲜食材，是否有时间去运动等等。营养、尤其是饮食虽然是个体行为，但是很大程度上被ta的经济水平制约着。,True,0.8069947361946106,20,0
不合时宜 ,中国人的餐桌真的健康吗？一个营养师眼中的全球健康真相,671b8c0c38cb889a19279a38,1,1:07:37 “营养师的温饱还没解决呢”，好有反差的一句话。,False,0.8790379166603088,20,0
不合时宜 ,中国人的餐桌真的健康吗？一个营养师眼中的全球健康真相,671bbdb1ae3447280b729e1f,1,很爱！大学时候（本科是运动人体科学专业）就对运动营养学非常感兴趣，给我们上这门课的老师也经常和我们说“食物多样性”、“少盐少糖”、“多吃蔬菜和水果”、“适当补充电解质饮料”、“多摄入优质蛋白（鱼、虾、牛肉、羊肉、鸡肉等等）”……,True,0.9480686187744141,16,1
不合时宜 ,中国人的餐桌真的健康吗？一个营养师眼中的全球健康真相,671ee5995c267a466af7d3ec,1,女主播的对话能力和提问水平真的是一言难尽。。。,False,0.8861318826675415,7,2
不合时宜 ,中国人的餐桌真的健康吗？一个营养师眼中的全球健康真相,671b7f52e3b19b2117e074d3,1,我正在第n次考古谐聊，正好在听顾中一老师那期！,True,0.9399295449256897,8,1
不合时宜 ,中国人的餐桌真的健康吗？一个营养师眼中的全球健康真相,671f2007e41147b132cefea0,1,一直关注顾老师，公众号最大的亮点就是先直给，丁香医生已经完全让大家掉入了消费陷阱。但这期听起来特别乱，怪就怪主持人没有设好提纲,False,0.563267707824707,5,0
不合时宜 ,中国人的餐桌真的健康吗？一个营养师眼中的全球健康真相,671f19ce8ad6848b053b451e,1,食品安全问题还是很严重…,False,0.9336560368537903,5,0
不合时宜 ,中国人的餐桌真的健康吗？一个营养师眼中的全球健康真相,671cc7496df96ab9b4595180,1,吃什么就是价值观的一种反映，口味也有阶级性,False,0.8542312383651733,6,0
不合时宜 ,中国人的餐桌真的健康吗？一个营养师眼中的全球健康真相,671e83a579889086e41e8922,1,44:52 我反而觉得国内人的饮食应该强调蛋白质的摄入，尤其是老年人…他们的优质蛋白摄入比蔬菜少太多了。,False,0.5777006149291992,4,0
不合时宜 ,中国人的餐桌真的健康吗？一个营养师眼中的全球健康真相,671e3db2662d33bd70d84467,1,数学摇滚！！！,True,0.9427146911621094,3,0
不合时宜 ,中国人的餐桌真的健康吗？一个营养师眼中的全球健康真相,671efaf9ba60655bffdc2832,1,本来是非常好的选题，女主播的水平好差，话题一直往社会，政治这种大议题拉，拉的又不好，展开的也不好。一个多小时听下来干货实在太少了，都是些泛泛而谈，可惜了请来这么好的嘉宾。,False,0.9226848483085632,5,0
不合时宜 ,中国人的餐桌真的健康吗？一个营养师眼中的全球健康真相,671cfa86ccf5091e3ce50ea0,1,25:46 这期节目对于我来说是刚需。今年的我是一名控糖孕妇，贫血+妊娠糖尿病+甲减，这些在没有怀孕之前检查指标都是正常的。怀孕中晚期通过营养科医生的指导进行饮食调整和补剂，目前趋于稳定。我深知饮食习惯的改变是一件多么反人类的事情，如果不是因为母亲的身份，单单减肥或者健康，我想我没办法坚持这么久的饮食调整。毕竟现在每天满脑子都是螺蛳粉麻辣烫酸辣粉方便面大肘子……,True,0.9321306347846985,2,1
不合时宜 ,中国人的餐桌真的健康吗？一个营养师眼中的全球健康真相,671db632a603d5f47d301d1f,1,1:07:20 顾老师好坦诚,True,0.818732738494873,2,0
不合时宜 ,中国人的餐桌真的健康吗？一个营养师眼中的全球健康真相,671bbb057046af7017ec709c,1,请问孟常老师最近怎么很久不参加播客录制了呢？,True,0.5213654637336731,4,1
不合时宜 ,中国人的餐桌真的健康吗？一个营养师眼中的全球健康真相,671bb6cc005875aeb3d74c7d,1,36:36 哈哈哈哈哈哈爆笑,True,0.8279410600662231,3,0
不合时宜 ,中国人的餐桌真的健康吗？一个营养师眼中的全球健康真相,671c3601264ce4de345fe2af,1,哇，胜利会师了，长期关注顾先生的健康科普。,True,0.9519277215003967,2,1
不合时宜 ,中国人的餐桌真的健康吗？一个营养师眼中的全球健康真相,6724388e1fdaf7a828436fcd,1,两位主播声音都很好听，温柔又有亲和力。想问一下，我的情况比较特别，是因为生来就吃不胖。并且感觉只要吃的少了就很容易瘦。所以只能吃很多，比周围的朋友同事吃的要多的多。这样怎么来算是否健康呢？,True,0.9194657802581787,0,1
不合时宜 ,辛顿是AI界的奥本海默？诺贝尔物理学奖的争议与迷思,671365bc52e561d3c8cb9ebe,1,"为大家推荐音乐剧「我，堂吉诃德」音乐剧的大幅折扣，这部百老汇经典的中文版十周年版正在深圳、广州北京巡演，现在即可使用链接 :link: 购票ticket.antank.cn

:bird: 早鸟「专属」优惠：

:ticket: 880 / 680 单张低至半价；

:ticket: 1080 / 980 第二张半价

:ticket: 购买1080、980票档，每张即赠送本轮官摄纪念U盘、场刊、随机纪念品（徽章、主题书包、票根等，随机纪念品，数量有限赠完为止）",True,0.8863610625267029,4,1
不合时宜 ,辛顿是AI界的奥本海默？诺贝尔物理学奖的争议与迷思,671341fd335f0f33d81116f3,1,"非常非常喜欢的一期！
首先表白一下赵老师和不合时宜：赵老师讲得真好，娓娓道来，深入浅出，而且我发现赵老师文理兼修诶，讲到时空观的时候引用了不少古文！我上学的时候怎么就没遇到这样的物理老师呢呜呜；磬和若含的提问也很棒，有深度的同时，也照顾到非专业的普通听众。（虽然赵老师的“课堂”已经很照顾大家了，但由于物理学本身博大精深，我听的时候偶尔也会走一点神，真的好想回到了中学时代 hhh）
再来说说我自己对物理的感受和理解：尽管我高中时期物理很烂，但我从来没有真正讨厌过这门学科，也发自内心觉得物理很美。高中时代考试的屡次打击带来的习得性无助，使我在选择专业的时候，也完全放弃了自己感兴趣的建筑学，好在大学期间参加了一些活动，对于很多和物理相关的知识和事物也一直在关注。大一的时候我还买了曹天元老师的《上帝掷骰子吗？》，很快就看完了，对这本书也十分喜欢。
在想到“物理”的时候，尽管也有“求求了 这辈子能不能不要再学物理了”的想法，但更多的时候我也会想为什么我就学不好物理呢，明明我是有兴趣的，明明我也愿意为之付出努力……有一个发现就是科学史教育在国内是很欠缺的，可是这是我在读书的时候非常喜欢的一部分。然后也非常幸运，这次也问到了赵老师这个问题，尽管时间有限，但赵老师的答案还是给了我很多很多安慰，也让我重拾了一部分对物理的信心。
此外，我还想提一提我很喜欢的吴健雄和居里夫人——长期以来，我们被灌输着“女孩子学理科干嘛？”“上了高中女孩子就不行了”等等这些诸如此类的带有性别偏见的观点，可事实证明，在理化生领域，在自然科学领域，女性所做的贡献未必比男性少，而且很多时候，是因为女性没有机会施展自己的才华。我自己最好的朋友，一个非常非常优秀的女生，就在同济大学读通信工程。我也一直非常敬佩能把理科学好的女孩子们，这个世界因为有你们而更精彩、更美好！
再次感谢这期节目，谢谢赵老师，谢谢不合时宜！！！:red_heart::rose:",True,0.9490290284156799,19,5
不合时宜 ,辛顿是AI界的奥本海默？诺贝尔物理学奖的争议与迷思,671353a774ae49486f4e23ce,1,01:12 堂吉诃he德,True,0.9184205532073975,9,0
不合时宜 ,辛顿是AI界的奥本海默？诺贝尔物理学奖的争议与迷思,6715275687cfa497685562cf,1,一直比较好奇“文科”“理科”这种粗暴的二元划分是从什么时候开始的，二者的边界是什么以及这是不是一种我国特色。感觉某些情况下这种对“阵营”的认领反倒会为一种自我设限。,False,0.8893324732780457,11,0
不合时宜 ,辛顿是AI界的奥本海默？诺贝尔物理学奖的争议与迷思,6712d7260acd28ca22db693f,1,44:29 嘉宾解释神经网络的突破性的部分很有启发性～～,True,0.9506004452705383,8,0
不合时宜 ,辛顿是AI界的奥本海默？诺贝尔物理学奖的争议与迷思,6713e0d45860a29ed2e0f165,1,1:28:49 口误：这里应该是“伽利略”而不是“亚里士多德”,False,0.8671823740005493,7,0
不合时宜 ,辛顿是AI界的奥本海默？诺贝尔物理学奖的争议与迷思,6712fb7a0253b74d8bbe10ef,1,对于痛恨高中物理的人不仅听了没睡着还听了两遍，并且关注选修课继续听起来！,True,0.9560000896453857,7,1
不合时宜 ,辛顿是AI界的奥本海默？诺贝尔物理学奖的争议与迷思,6712799ca2d92dba38338ca8,1,09:34 哈哈哈哈哈哈哈哈这里太有意思了，文科生对顶尖理科生的崇拜(ಡωಡ)hiahiahia,True,0.9095211625099182,6,0
不合时宜 ,辛顿是AI界的奥本海默？诺贝尔物理学奖的争议与迷思,6712ac3d51e76787e9f94f0f,1,讲得蛮好的。只要能看懂Boltzmann distribution的定义就能听懂。,True,0.948282778263092,5,0
不合时宜 ,辛顿是AI界的奥本海默？诺贝尔物理学奖的争议与迷思,671522d88c8ba107045d52f6,1,33:46 悟了 嗷嗷嗷好清晰。喜欢这期的嘉宾老师,True,0.9513735771179199,3,0
不合时宜 ,辛顿是AI界的奥本海默？诺贝尔物理学奖的争议与迷思,671491ed0e49ef7c958567df,1,39:09 没睡着，回拉听了好几遍，生怕思考掉帧或说神经网络激发不全（？）,False,0.8420442938804626,3,0
不合时宜 ,辛顿是AI界的奥本海默？诺贝尔物理学奖的争议与迷思,671612c124e80e5eda2a9a36,1,想问一下老师和各位听众，资本主义与钟表的关系，有什么专著或者论文可以参考吗,True,0.7994442582130432,2,1
不合时宜 ,辛顿是AI界的奥本海默？诺贝尔物理学奖的争议与迷思,6717a80aa546f5240e371fd4,1,没想到高中如此痛恨物理的我现在在听物理学内容，听嘉宾介绍神经网络那里感觉是学生物学呢:rolling_on_the_floor_laughing:是学生物的我出现幻觉了吗？嘉宾好强啊，表达能力，知识的整合能力以及表达能力都max,True,0.9460702538490295,1,2
不合时宜 ,辛顿是AI界的奥本海默？诺贝尔物理学奖的争议与迷思,67302e688ee9870b57355d41,1,这一期科普贴很受教！,True,0.9522407650947571,2,0
不合时宜 ,辛顿是AI界的奥本海默？诺贝尔物理学奖的争议与迷思,672833537f7ffb0c4c5816d4,1,1:19:24 “人的异化开始于时间的异化”,True,0.7829716801643372,2,0
不合时宜 ,辛顿是AI界的奥本海默？诺贝尔物理学奖的争议与迷思,6716635272963439e4d88f7a,1,39:35 嘉宾讲得好清晰，越听越入迷，喜欢:face_blowing_a_kiss:,True,0.9467700719833374,2,0
不合时宜 ,辛顿是AI界的奥本海默？诺贝尔物理学奖的争议与迷思,6716523fb5781e68252c8a01,1,1:18:42 工业文明的关键机械并非蒸汽机而是钟表，时间脱离主观体验变成永恒流逝的独立存在,False,0.8145269155502319,2,0
不合时宜 ,辛顿是AI界的奥本海默？诺贝尔物理学奖的争议与迷思,6714b32102339e02874d86aa,1,"作为文科生对物理的兴趣确实是浪漫、神秘，从小喜欢科幻类作品，中学开始看科幻世界，基于此对中学物理还挺喜欢的，会考前刷物理题甚至上瘾，会考结束后对告别“物理”还挺可惜的…对数学苦手，但后来薛定谔的科普小册子很顺利地看完还挺欣慰，所以对物理科普类读物一直感兴趣，纪录片看的最多也是物理类，卡尔萨根那句“我们都是星星的孩子”确实浪漫极致了哈哈
很喜欢这期:glowing_star:",True,0.9404589533805847,2,0
不合时宜 ,辛顿是AI界的奥本海默？诺贝尔物理学奖的争议与迷思,6714aeac79c03fbc7fb874dd,1,连着听了二遍，前面边忙边听，听到后面发现越来越好，又回过去听了一遍，嘉宾很厉害:thumbs_up:，对几篇论文的解释那段完全听迷了,True,0.9537355899810791,2,0
不合时宜 ,辛顿是AI界的奥本海默？诺贝尔物理学奖的争议与迷思,6714ad67bf1a52cfd4f42b74,1,什么事物理：用物理学的视角看世界。谢谢赵老师,True,0.9431156516075134,2,0
不合时宜 ,连线黎巴嫩：加沙战争一年，中东危局难解,6708c04b263f6b2e1b84ed73,1,谴责以色列对普通平民造成的灾难可以，支持哈马斯和真主党就算了吧,False,0.8653038740158081,91,5
不合时宜 ,连线黎巴嫩：加沙战争一年，中东危局难解,6709f0f96b3a9e3734fb87d0,1,评论区很多人把以色列对如此数量之大的平民血腥的杀害称为——对抗哈马斯和真主党必须要的外溢和损伤。本质上都是残忍的种族主义认知：一种族群比另一种更加高贵，一种人命比另一种更值得保护。 都不必说哈马斯和真主党出现之前以色列在巴勒斯坦地区进行过这么多的种族隔离血腥扩张，只要注视数万人死去，这么多妇孺儿童死亡的场景，凡有点良知和人基本的共情都不可能支持以色列。但这些支持者如此轻而易举把巴勒斯坦人、黎巴嫩人非人化，如此轻而易举接受锡安主义的那套种族叙事。,True,0.7221359014511108,61,3
不合时宜 ,连线黎巴嫩：加沙战争一年，中东危局难解,67086db01a6784a92d059f2e,1,“自从去年的加沙战争开始，10月7号第二天真主党就表明了自己的立场，在这一点作为普通人我是支持的。”南斯拉夫都不敢这么说噢。,True,0.9128875732421875,40,5
不合时宜 ,连线黎巴嫩：加沙战争一年，中东危局难解,67088d0c4ed8b3d484774862,1,“以色列也付出了舆论上的代价”，听到这里也是五味杂陈，舆论上的代价算什么代价呢？,False,0.5353061556816101,57,1
不合时宜 ,连线黎巴嫩：加沙战争一年，中东危局难解,67094700b103d6d46fa24529,1,这位女嘉宾真的让人有些不舒服，她是不知道哈马斯去年十月七日做了什么吗？假设她看过看过那些屠杀的GoPro记录，是否会认为内塔和以色列极右政府不论以前对于加沙的应对还是屠杀发生后军事行动升级造成的附带伤害，可以justify哈马斯在去年十月七日的大屠杀、人质绑架和处决呢？,False,0.8247610330581665,27,4
不合时宜 ,连线黎巴嫩：加沙战争一年，中东危局难解,67087556b1d26a4d2f550f22,1,32:16 这位主播要不要再听一次自己说了什么，炸死了几个正在踢足球的孩子，平民、未成年、未从事军事活动，这不是恐怖分子是什么，美国要真不支持那才是真要完。有时候我是怀疑这些恐怖分子是接内塔的电话干活儿的，但凡瞌睡就送枕头呗。,False,0.9262635111808777,28,5
不合时宜 ,连线黎巴嫩：加沙战争一年，中东危局难解,67087d4e7716e5bee444c8b9,1,https://www.xiaoyuzhoufm.com/episode/66d6dfce5a91beebb3820622 来自刘怡老师在忽左忽右的对谈,True,0.8511857986450195,17,0
不合时宜 ,连线黎巴嫩：加沙战争一年，中东危局难解,6709878828e3f72d52a09fe1,1,嘉宾文芳家属于基督教马龙派还是逊尼派、什叶派？感觉对珍珠党抱有好感匪夷所思,False,0.9132615923881531,13,3
不合时宜 ,连线黎巴嫩：加沙战争一年，中东危局难解,67094df5e71202b1cdfb3392,1,1:31:09 这一点的确值得关注，以色列≠犹太人≠内塔尼亚胡政府，加沙≠哈马斯，或者说国家≠民族≠某政府本来应该是西方文化语境中的一种共识（例如法国≠法兰西民族≠马克龙政府领导的法国），但在巴以冲突中仿佛突然失效失灵了，很多斩钉截铁一刀切的立场评判很多时候就源于这种并不成立的捆绑一体,False,0.8352273106575012,14,0
不合时宜 ,连线黎巴嫩：加沙战争一年，中东危局难解,670900ae9be02191a70f27b9,1,16:37 不知道这位同胞现在情况如何，时隔这么久回想起来还是语带哽咽，难以想象当时经历的痛苦、震动和创伤。隔空抱抱你，欢迎回家，祝愿你和家人都能平安健康，已经度过了这样大的难关，以后会越来越好的:heart_hands:,True,0.9053863286972046,13,0
不合时宜 ,连线黎巴嫩：加沙战争一年，中东危局难解,6709ed460cb538f5fc4ece93,1,05:34 听到嘉宾声音有些呜咽。实在不敢想象在这个所谓和平的年代，有国家的人民正在遭遇着一天38次的轰炸,False,0.8910554647445679,10,1
不合时宜 ,连线黎巴嫩：加沙战争一年，中东危局难解,67088faeabd9b29d3e328765,1,真主党在黎巴嫩用火箭弹炸以色列，炸死十几个儿童的时候怎么就没有想到以色列会报复呢？,False,0.7750783562660217,18,1
不合时宜 ,连线黎巴嫩：加沙战争一年，中东危局难解,670a35b393d5064edfa06b7f,1,有些人如果真的在意12个无辜惨死的德鲁兹孩子，又如何心安理得地将过去一年死于以军炮火下的16500个巴勒斯坦儿童视为可接受的“附带伤害”，并乐见这种“附带伤害”继续扩大？,False,0.7502771019935608,6,4
不合时宜 ,连线黎巴嫩：加沙战争一年，中东危局难解,6708f14f2f39a901d29ac3e1,1,48:17 听的都忘了这是个有来有往的对谈节目了，男嘉宾完全停不下来。,True,0.9344227910041809,9,2
不合时宜 ,连线黎巴嫩：加沙战争一年，中东危局难解,67088c1e16fdb1b638c4cbb3,1,以色列是魔鬼，伊朗就是魔鬼的领路人，中东和平的毒瘤伊朗为了阻止海湾国家和以色列关系正常化就把加沙平民当做炮灰。,False,0.8782499432563782,9,2
不合时宜 ,连线黎巴嫩：加沙战争一年，中东危局难解,6709c09b868bf71bf5b390ee,1,这一期安排的太好了，冷静旁观的学者、热情入局的公益人，都是我敬佩的类型，碰撞出让人窒息的绝望，无解,True,0.9510135650634766,9,0
不合时宜 ,连线黎巴嫩：加沙战争一年，中东危局难解,670bbfb7ca6f99e3d4a3053f,1,以色列不一次性消灭恐怖组织，百姓永无宁日，维和部队呆了那么久，局势毫无变化，有些人就希望搞绥靖政策，从中牟利,False,0.6981073617935181,8,0
不合时宜 ,连线黎巴嫩：加沙战争一年，中东危局难解,6708939902d74cee2940f3a1,1,都炸死十几个小孩了，你还想让以色列人怎么办？我觉得这已经不是内塔尼亚胡的个人意愿了，以色列的国民难道没有要报复或者打击真主党的民意吗？,False,0.8697750568389893,12,3
不合时宜 ,连线黎巴嫩：加沙战争一年，中东危局难解,6711a4658868a183f3243444,1,我觉得评论区挺可笑的，竟然都在质疑一个生活在当地人对这一件战事的看法。听播客是让我们了解世界的多样性，而不是批判世界的多样性。评论区各位听众有谁的消息会比嘉宾更直接了当、感同身受呢？,False,0.613686203956604,5,2
不合时宜 ,连线黎巴嫩：加沙战争一年，中东危局难解,67086f29263f6b2e1b498f59,1,以色列重新定义了道德制高点和道德底线，也让全世界人民更彻底地认识了犹太人。,True,0.9476624727249146,13,0
不合时宜 ,在瑞士，艺术沉默不言却给你安慰｜在异乡 07,6700b11d243a9608e67d1e2e,1,57:28 如果我的收入受最低收入保障制度的保护且并不意味着阶层的陡落，我也并不介意去做一个酒保，在国内很多工种之所以被介意是因为那往往意味着全方位的失去。,False,0.6659615635871887,35,1
不合时宜 ,在瑞士，艺术沉默不言却给你安慰｜在异乡 07,67003ec5ce2cfec9ae78645a,1,58:27 有的人出生就在瑞士…:face_with_tears_of_joy:,True,0.5072973966598511,19,1
不合时宜 ,在瑞士，艺术沉默不言却给你安慰｜在异乡 07,6702c07c6097749b71dbf773,1,成为留子之后有了更多时间听播客，开始更大量地听不合时宜。看到这一期标题好开心，有种奇妙的被陪伴感，打开伴着好吃的饭一起听（笑,True,0.9446102976799011,17,0
不合时宜 ,在瑞士，艺术沉默不言却给你安慰｜在异乡 07,6700a6f53ba4a6901a379bbb,1,39:31 果然还是八卦最好听，意外揭示了2015年赵又廷高圆圆又“失踪”之谜。,True,0.853381872177124,13,1
不合时宜 ,在瑞士，艺术沉默不言却给你安慰｜在异乡 07,6701077bd4c695f609159dd9,1,10:09 没有总统和小政府太好了！想起了纳博科夫的一段话：我很少关注理想国家的社会或经济结构。我的愿望不过分。政府首脑的肖像不超过一张邮票的尺寸。没有酷刑，没有处决。没有音乐，除了来自耳机或在剧场演奏。,True,0.8526968955993652,12,0
不合时宜 ,在瑞士，艺术沉默不言却给你安慰｜在异乡 07,67012d9926a2c7f868d0e72d,1,"想起，经常给不同朋友们分享的一个瑞士记忆小片段：春天，牛铃在阿尔卑斯山谷叮叮当当，一节，非常古板精确的信息技术课，授课女士日常的举止与给人印象也是 古板精确。而随着春光无限，春风轻拂，野花大片大片开放，空气中各种甜蜜，清新，不同的香气。授课女士，推一推框架眼镜，眨巴一下眼，说：“春天怎么可以浪费在室内啊”下一秒全班小伙伴带着笔记本，散落在了阿尔卑斯半山草地，一棵正葳蕤的大树下，坐石头上，趴野花丛边，斜倚着树，半米眼看着冰雪还威力无比，闪闪发亮亮寒光的雪峰…
想回山里:blue_heart::green_heart::green_heart::green_heart::green_heart:",True,0.912822425365448,9,3
不合时宜 ,在瑞士，艺术沉默不言却给你安慰｜在异乡 07,6701095e5568420a7a4bcc5e,1,11:11 。。关于安静这一点太奇怪了…我去了苏黎世 日内瓦 洛桑就差伯尔尼了..并没有这种感觉，就是在生活的城市..有种硬夸的感觉,False,0.6001464128494263,4,2
不合时宜 ,在瑞士，艺术沉默不言却给你安慰｜在异乡 07,670003cd60a5fd0e15923a69,1,39:18 哈哈哈哈哈还能听到八卦,True,0.8663897514343262,6,0
不合时宜 ,在瑞士，艺术沉默不言却给你安慰｜在异乡 07,6700ab6c5d4c9fa8008b2ffe,1,30:39 看过两本关于二战期间德国纳粹劫掠欧洲艺术品的历史书籍，《劫掠欧罗巴》和《第三帝国的艺术博物馆》，讲述了以强行购买、没收、查抄、抢夺等手段在德国以至整个欧洲搜集、霸占美术作品的过程。,True,0.9198265075683594,5,0
不合时宜 ,在瑞士，艺术沉默不言却给你安慰｜在异乡 07,67029613edf7bf2b61fcc57a,1,27:45 哈哈兰博基尼本来就是做拖拉机的,False,0.5434423685073853,2,1
不合时宜 ,在瑞士，艺术沉默不言却给你安慰｜在异乡 07,67041a5c4f7ae0a80357f4c5,1,23:01 两个嘉宾的描述 一个天上一个村里,True,0.7253773212432861,2,0
不合时宜 ,在瑞士，艺术沉默不言却给你安慰｜在异乡 07,6702810292ee30e48109d1dc,1,03:19 8月初刚去了琉森，就刷到这期播客，先听为敬。我们走到琉森湖边，一群穿着传统服饰的男男女女扛着很长的阿尔卑斯长笛，走过来开始表演。为首的一个老爷爷看到我们一群人，用非常地道的中文说了一句：你们好，我的中国朋友。,True,0.9167476892471313,2,0
不合时宜 ,在瑞士，艺术沉默不言却给你安慰｜在异乡 07,6704b0c45dd1816e3cb187ac,1,在KKL听过波斯顿交响乐团的演出，真的很幸运，那段时间刚好遇到。,True,0.9424798488616943,1,1
不合时宜 ,在瑞士，艺术沉默不言却给你安慰｜在异乡 07,670214a38bcd1f8c447a0c63,1,01:15 哇，不合时宜变成了全球旅居宣传大使,True,0.6946337223052979,2,0
不合时宜 ,在瑞士，艺术沉默不言却给你安慰｜在异乡 07,6702febff2f3af7217f4d35e,1,刚开学来到苏黎世，还没来得及好好地感受这里，就快要被沉重的课业给压垮了…..所以看到这一期的标题，感到好开心好奇妙！,True,0.9362403750419617,1,1
不合时宜 ,在瑞士，艺术沉默不言却给你安慰｜在异乡 07,6703d7ca130323283b79a5a4,1,想问嘉宾国内国际高中生，想申请巴塞尔大学本科，难度大吗？alevel课程在读，是不是要提前学瑞士语，前几个月刚去过巴塞尔，非常喜欢这个城市,True,0.9038195013999939,0,2
不合时宜 ,在瑞士，艺术沉默不言却给你安慰｜在异乡 07,6700af36ad8fd4786e4f2b7f,1,38:35 天呢赵又廷和高圆圆呀,False,0.666635274887085,3,0
不合时宜 ,在瑞士，艺术沉默不言却给你安慰｜在异乡 07,67226fe80f6375e70db791b9,1,19:28 很喜欢看欧洲的老房子，德国有一些1700’s的房子；上周末在巴塞尔看到很多房子是1500‘s、1600’s世纪的，甚至看到一栋1000‘s！这种历史没有完全中断、延续了下来的感觉真好。,True,0.9321470856666565,1,0
不合时宜 ,在瑞士，艺术沉默不言却给你安慰｜在异乡 07,671cd7224558aef0c18b69ae,1,真好,True,0.8748372793197632,1,0
不合时宜 ,在瑞士，艺术沉默不言却给你安慰｜在异乡 07,671b30f88449250c929c8804,1,真好！,True,0.9010239839553833,1,0
不合时宜 ,人生研究50年：哪些选择改变了女性的一生？,66f65926f506f7652473a01a,1,"不合时宜五周年限量款""勇敢说「不」""棒球帽上线

购买周边可点击或者关注公众号不合时宜TheWeirdo：不合时宜五周年周边 ｜勇敢说「不」特别棒球帽  https://mp.weixin.qq.com/s/pPv1AzVHAp768f6TgfPq-g

（目前仅支持发往中国大陆地区）",True,0.8755109310150146,12,0
不合时宜 ,人生研究50年：哪些选择改变了女性的一生？,66f697802439a2ccea6f13ec,1,喜欢游老师的暴言：“一个人(女人)要先要足够自私，才能够足够无私”，要先完成自我的探索，等自我稳定之后再进入家庭关系，才能够有效抵抗它带来的盘剥和消耗，最大限度地保有自我。,True,0.9244977831840515,317,2
不合时宜 ,人生研究50年：哪些选择改变了女性的一生？,66f66abe4501ccc60634e5c0,1,49岁的我，没有按社会时钟生活，没有结婚生子，45岁前非常挣扎，到了这两年无比松驰自由坚定平静……,True,0.9458729028701782,140,3
不合时宜 ,人生研究50年：哪些选择改变了女性的一生？,66f68845d014b7ac6d23d7b4,1,无意冒犯，但主播的声音听起来无精打采，气血不足，没有动力听下去哎,False,0.9334368109703064,65,18
不合时宜 ,人生研究50年：哪些选择改变了女性的一生？,66f6e0283734b5f5ffeadb63,1,33:45 我悟了！听到这里终于悟了！人只有在压力没那么大的时候才能保持学习状态，否则身体和大脑资源就被用于应对生存挑战和危机。所以，人要主动选择和创造自己的“生存环境”！,True,0.9281826019287109,70,0
不合时宜 ,人生研究50年：哪些选择改变了女性的一生？,66f664947206a5c14807f2b1,1,20岁之后，被好奇心牵引着，重新看世界和修复童创(18岁之前人生只要有一丝丝温暖和健康，父母就要摧毁我的温暖和健康)，我用了很多年思考父母为什么不允许我有温暖和健康。边思考边好奇，边痛边远离原生家庭。社会时钟在我这里是混乱的，我被困在了0到18岁。我现在躺平，漫漫修复，重新养育自己，重启人生。也多谢小宇宙很多的女性朋友的鼓励和安慰。,True,0.9321327209472656,41,0
不合时宜 ,人生研究50年：哪些选择改变了女性的一生？,66f8426e2439a2ccea9b1024,1,"谢谢几位！(ฅ•.•ฅ)ﻌﻌﻌ:heart_suit::heart_suit::heart_suit:
太有共鸣了！我刚过完 23 周岁的生日不久，看似无限可能的年纪，其实也充斥着许多痛苦、不安、彷徨、犹疑和无助……
今年我也真正意义上开始了我自己的“出走”，和父母大吵一架之后我终于做出了从前一直想做的选择：我悄悄用积分兑了一张高铁票，然后又从杭州飞去了成都，接着是北京，今天刚刚结束在江西的“流浪”，回到杭州的小出租屋里——一边外放着这期节目，一边敲下这些文字评论。
前天在景德镇看了《出走的决心》，被咏梅老师的演绎深深感动，但是又觉得电影本身可以在深挖一些。联系到我自己最近的状态，我只能说，生活远比小说、电影、电视剧更加精彩，现实也更加骨感、更加残忍。
这些天在异乡的“漂流”，其实很多时候不那么好过：比如我很讨厌过集体生活，但为了省钱，我只能住六个人或者八个人一间的青旅。朋友圈里我尽量分享快乐和积极的一面，有好多人就以为我是富二代，觉得我潇洒⚆_⚆每每看到这些评论，我只能苦笑一下，然后回复一句“我也是被迫流浪”就不愿再多作解释。
不过心灵和精神确实得到了一定的解放，也越来越有勇气来面对真实的世界和生活，想到这一点我就非常感谢那个悄咪咪拎着行李箱独自前往高铁站的自己。尽管偶尔吃了上顿可能会没下顿，然而我觉得我的精神食粮这段时间已经特别特别充足了，也非常非常感谢成都、北京、江西和家乡（安徽）的朋友们！
:Japanese_congratulations_button:我们都有“出走”的勇气和决心！！！",True,0.9205439686775208,25,2
不合时宜 ,人生研究50年：哪些选择改变了女性的一生？,66f6d24138e6c50d34466c79,1,什么时候不合时宜可以戒掉“东亚”“东亚社会”“东亚女性”这些词:face_holding_back_tears:,False,0.86185622215271,21,6
不合时宜 ,人生研究50年：哪些选择改变了女性的一生？,66fa7f297a6dcbc6d028e196,1,可不可以提一个小小的建议，这段时间很多期都会叫实习生“小朋友”，还是觉得这个称呼放在工作环境里弱化女性职业属性，和老中传统环境很像。抱歉我有些敏感，上班明明也是组长总被人喊小姑娘，其实还是不舒服。希望不要对实习女生有任何困扰。,True,0.6609391570091248,25,0
不合时宜 ,人生研究50年：哪些选择改变了女性的一生？,66f688e90389f74a02127890,1,09:46 不会的，没有当年你们写的语料，今天AI也练出不来现在的能力,False,0.7153353095054626,19,0
不合时宜 ,人生研究50年：哪些选择改变了女性的一生？,66f672545557bfa902283979,1,1:25:16 是的 要先自私才能才会无私,False,0.6070536971092224,16,0
不合时宜 ,人生研究50年：哪些选择改变了女性的一生？,66f66f081c6343c95b555661,1,34:51 好奇心需要减少压力我觉得也可以形容为好奇心需要安全稳定的环境，只有生活中的大部分问题都是安全且有迹可循的，人才能释放出更多的精力应对其他感兴趣的未知事物，如果已经混乱到无法相信脚下的这个锚点，那就不可能在此基础上充分开发自己的潜力探索更远的未知。,True,0.8794746994972229,16,0
不合时宜 ,人生研究50年：哪些选择改变了女性的一生？,66f72987703e305c5cfd4571,1,23:31 太真实了 处在25-26的交界点 明年要理科博士毕业了 但一次偶然的机会突然发现自己也很喜欢法学 所以现在找工作非常纠结 再加上已经结婚了 在考虑职业选择时 我们也不得不考虑大概什么时候要小孩 很害怕做错了一个选择就耽误了几年 不过其实我队友跟我同龄 也同样焦虑 :melting_face:,True,0.9219393134117126,12,4
不合时宜 ,人生研究50年：哪些选择改变了女性的一生？,66f7bee09773478242624869,1,最近因为工作上的冲突很痛苦，30岁还在最一线基层打工，不想升职也不敢辞职，觉得很丢人，但是听完博客我突然很释然，别把自己活小了，人生远比你想象中更宽广，错过了社会时钟又如何？那是社会的，不是自己的，生命本身的创造力和活力天然地会带着人往前走，女性永远是柔软地、坚毅地生命，活好自己这个个体，比什么升职加薪都重要多了,True,0.9412186145782471,14,0
不合时宜 ,人生研究50年：哪些选择改变了女性的一生？,66f8a72425fae6518e61f42b,1,53:10 这期没有听完，本来米尔斯研究是个有意思的话题，但听到53分感觉这内容不足以支撑一个半小时的谈话。可能如果引入其他的嘉宾，提供其他的研究视角，会比几个主持人嘉宾以自己的有限经历来验证这个米尔斯研究的意义要好得多。,False,0.6973860859870911,12,2
不合时宜 ,人生研究50年：哪些选择改变了女性的一生？,6706dfab55242a6030a577a4,1,45:44 是冲着标题点进来听的，但是现在时长已经过半了，还没有多少关于研究内容的数据总结和分析，大篇幅的都是几位主播回顾自己成长的心路历程。或许你们觉得自己作为东亚女性的样本能够引起绝大听众群体的共鸣（做自媒体从这个出发点考虑的确并没有错），但肯定也有一批听众是跟我一样并没有为社会时钟焦虑，只是想详细了解研究本身。也并非每个女性的小红书都在推这些精致自律的内容，算法这种东西就是你越刷什么越给你推什么，与其在安慰中寻求自洽，不如直接动手屏蔽这些信息，每次都不点开并且选“我不想看”就会越推越少了。一味着眼于所谓东亚女性这种被困住的语境，又何尝不是一种牵绊，听了很多期觉得这个播客长期存在这个问题，内容和格局常常与取的标题不符。,False,0.937290370464325,10,2
不合时宜 ,人生研究50年：哪些选择改变了女性的一生？,66f899fb25fae6518e5942fd,1,57:57 听到AI聊天这块，突然觉得女性更需要的是情感的回应，而男性更需要的是生理性的回应，结婚生子是亲密关系的更近一步，而两性的差距又要把彼此拉开，所以内耗了。,False,0.8695769309997559,12,0
不合时宜 ,人生研究50年：哪些选择改变了女性的一生？,66f76dae2a437046fd0043d0,1,23:53 想大哭!  现在就在26的阶段，不知道自己人格怎样发展，在不安中选择了自己目前想要的道路，对丧失潜在机会的恐惧，等等。。。。。,False,0.769977867603302,10,3
不合时宜 ,人生研究50年：哪些选择改变了女性的一生？,66f8aef125fae6518e675c8f,1,"1:01:08 一流的头脑可以保留两种不同的观念，并自如地运行。比如尊重自己和他人的独立性，同时也意识到独立本身也是有局限的，有时候我们就是要互相支撑、互相依赖。能主动关注冲突、处理冲突，不畏惧而且能很好地处理。
我感觉我现在就是在慢慢过渡到这种状态耶！",True,0.9008131623268127,11,0
不合时宜 ,人生研究50年：哪些选择改变了女性的一生？,66fab09757571bfe28877305,1,1:24:33 才华、生命力、自我实现，都是需要进攻性和一点自私的。,True,0.8784128427505493,9,0
不合时宜 ,《还珠格格》回魂夜：被误读的琼瑶，和她的反权威宇宙,66eca8c0163b1774650881c6,1,"不合时宜五周年限量款""勇敢说「不」""棒球帽上线

在一个泥沙俱下的时代里，守住我们真实的事物和价值，勇敢说「不」，正在变成一件越来越不容易的事情。我们希望棒球帽上这个大大的「不」字，可以伴随大家奔跑，在生活、工作、恋爱和穿越世界旅行中，让更多人有勇气和态度去拒绝，去大声地说「不」。也希望在这趟旅程中，戴着同款棒球帽的我们可以认出彼此，一同在宇宙漂流。

购买周边可点击：不合时宜五周年周边 ｜勇敢说「不」特别棒球帽：https://mp.weixin.qq.com/s/pPv1AzVHAp768f6TgfPq-g",True,0.9135566353797913,8,0
不合时宜 ,《还珠格格》回魂夜：被误读的琼瑶，和她的反权威宇宙,66ed0464ccbd99a0a1602b86,1,"尔康：你爹到底有没有反清思想？
箫剑：如果有，他就该死吗？",False,0.826465368270874,168,3
不合时宜 ,《还珠格格》回魂夜：被误读的琼瑶，和她的反权威宇宙,66ed804b4653f367f365b38e,1,37:43 还有晴儿对尔康说，她配拥有属于自己的尔康，她珍惜和紫薇的知己情不愿去破坏。友情战胜爱情哎，现在还有这样的刻画吗，配上晴儿温温柔柔、娓娓道来的声音，太印象深刻了。,True,0.9383792877197266,67,2
不合时宜 ,《还珠格格》回魂夜：被误读的琼瑶，和她的反权威宇宙,66ecfd23ccbd99a0a15ab0da,1,我也算是经历了时代思潮的几波变化了，还珠格格刚播出时是作为青春偶像喜剧去看去火的，后来琼瑶被批判恋爱脑，只流行搞事业的“大女主”，小燕子被嫌弃无法规训、不受控制的麻烦精，再到现在很多人发现琼瑶笔下的女主都是有自我主体意识的，大家发现所谓的“搞事业”只是对封建制度父权制度的一种歌颂和臣服，琼瑶笔下不被规训的女主才是真正具有反抗精神这一可贵品质的人。前面十多年主要思想是歌颂那种宏大叙事、宣扬并以融入父权制度为荣，这几年以自我探寻反抗制度为荣。,False,0.9269448518753052,67,1
不合时宜 ,《还珠格格》回魂夜：被误读的琼瑶，和她的反权威宇宙,66eca686976ab9ee44c33b23,1,":musical_note::musical_notes:(˘▿˘*)♫•*¨*•.¸¸♪
当山峰没有棱角的时候～",True,0.9074335694313049,55,10
不合时宜 ,《还珠格格》回魂夜：被误读的琼瑶，和她的反权威宇宙,66ed6768df4a8efdadf07154,1,还珠真的值得被平反，光是紫薇小燕子的女性友谊塑造，就问问后面有几部剧可以媲美呢？更别提主角团每个主角的刻画，晴儿令妃香妃皇后等等一众女性角色鲜活且有血有肉的刻画，二十几年过去了，还会再有吗,True,0.9418375492095947,56,0
不合时宜 ,《还珠格格》回魂夜：被误读的琼瑶，和她的反权威宇宙,66ee0e89f709945bd9edfd58,1,琼瑶才是正宗女主视觉，全然不顾男主死活那种。女生看的时候带入自己的角度完全毋需任何心理说服，水到渠成。你看还珠格格里男主尔康和永琪正式戏份都第二集播完还没算真正开始，因为整个情节都是围绕女主展开，轮到他们出场才出场。完全没有“哎呀男主这么后面才有剧情”的争议。,False,0.9503467082977295,42,1
不合时宜 ,《还珠格格》回魂夜：被误读的琼瑶，和她的反权威宇宙,66ee2352823fac0753abf620,1,15:17 金庸描写的女性虽然都很有性格，但绝对不是女性主义的笔触好吧，围绕着男性、围绕着父权叙事构建的女性角色怎么能是女性主义呢，金庸里的女角色更对标的应该是一些日漫里一个男主搭配多个女主冒险闯关的故事，都是为了男性冒险而服务的多种类型女友,True,0.7348350286483765,27,2
不合时宜 ,《还珠格格》回魂夜：被误读的琼瑶，和她的反权威宇宙,66ecd66b53fb50445156ec01,1,18:29 朋友是自己选择的家人,True,0.6914557218551636,27,1
不合时宜 ,《还珠格格》回魂夜：被误读的琼瑶，和她的反权威宇宙,66ecdc86143c4456e21b0944,1,1:12:00 真的！最后《当》出来的时候！泪目！！,True,0.8440041542053223,25,1
不合时宜 ,《还珠格格》回魂夜：被误读的琼瑶，和她的反权威宇宙,66ed270b0d1304406b4f7839,1,当我看到小燕子、紫薇和晴儿都是nf人的时候，我就知道我为什么这么爱了,True,0.9471645951271057,22,3
不合时宜 ,《还珠格格》回魂夜：被误读的琼瑶，和她的反权威宇宙,66ef8ba578f54f6dff64220c,1,大家会说琼瑶剧里的反封建精神过去没有被注意到，我想正是因为“反封建”在过去就是被内化的，作为80后从小被灌输的理念之一就是反封建，这种板上钉钉的坏东西在文学或影视里出现大家都会站在反抗者的一边；现在真是环境不同了，前几年看到一堆讨论说祝英台就应该嫁马文才/女生当然要挑身家财富具备的嫁，看似这些声音在批判恋爱脑，实际上只是媚从了阶级门第的传统价值观而已，当时我就觉得我前半生里一些坚定的思想信念可以被轻易颠覆，社会思潮是如此起伏不定的一件事，小时候坚信已经进了历史垃圾堆的东西可以不停回魂，比如重男轻女也是，自从开放多胎，我会从越来越多平时熟悉的人口中听到这个意思，这在十年前我都是不敢想象的，看来独生子女政策确实抑制了这种思想但它在人心里仍生机勃勃只待时机一到就不加扼制掩饰，而我曾确信的一些“进步”更像一个幻觉。,False,0.9135016202926636,20,0
不合时宜 ,《还珠格格》回魂夜：被误读的琼瑶，和她的反权威宇宙,66ecc594976ab9ee44d939b8,1,00:37 bgm一出就绷不住了！爷青回,False,0.9087009429931641,19,3
不合时宜 ,《还珠格格》回魂夜：被误读的琼瑶，和她的反权威宇宙,66ed6587163b17746595c258,1,天呐最近才看完还珠1.2，小时候只觉得小燕子像个小疯子，跟别人一点都不一样，重看才发现大家都在嘴上说着天下为公，只有小燕子她们才是践行者，从大杂院到会宾楼，逃难期间还救助乞丐救助小鸽子。紫薇这个角色写的不好就容易变成圣母，可是我看下来，她的善良，她的智慧让人一点都不反感。琼瑶阿姨真的把女性角色写得太好了，柳红，金锁，晴儿，香妃每一个角色都有属于自己的弧光，也把那个吃人的皇权写的很透彻，1.2部皇权的可怕可能还掩藏在童话般的外壳之下，但到第三部展现地越来越现实。,True,0.9486838579177856,19,1
不合时宜 ,《还珠格格》回魂夜：被误读的琼瑶，和她的反权威宇宙,66edf6b054b95ebbcaf7c45d,1,"12:31 哇，最近正好画稿时在b站看还珠格格直播！一开始是回忆童年，结果越看越发现，这部剧能打不仅是因为表面的喜剧青春恋爱合家欢等元素。
配角也不都是工具人，有自己的成长线（金锁）。没有所谓的雌竞，而是女性友谊。是真正的大女主剧，不是摄像头女主。
我觉得最讽刺的是，弹幕有些人说，金锁对五阿哥说话不够规矩，没摆正自己的位置不像下人；香妃白眼狼皇帝对她那么好她还跑；老佛爷不喜欢两位格格正常，不懂规矩blabla…是不是很离谱！我有时候真是直接不干活了跟弹幕对线，以前的剧里古人在呼吁奴才也是人也有父母养，不用总是下跪，而现在拍的剧（如意知否等）嫡庶神教腌入味儿，反过来宣扬一些封建教条。一个个都把自己放在人上人的“主子”位置上了，真是狗看了都摇头！",False,0.7545382976531982,17,0
不合时宜 ,《还珠格格》回魂夜：被误读的琼瑶，和她的反权威宇宙,66ed47c653d4cec4497b0bd0,1,32:27  这不是骗稿费嘛？车轱辘话来回说。,False,0.939234733581543,16,2
不合时宜 ,《还珠格格》回魂夜：被误读的琼瑶，和她的反权威宇宙,66ececaa3b5f1fb51ea58c68,1,1:08:32 不可否认还珠的反抗精神，但是这类作品最大的问题是对于浪漫爱的美化给女性的精神污染会给现实生活造成极大的阻碍。,True,0.5910050868988037,13,1
不合时宜 ,《还珠格格》回魂夜：被误读的琼瑶，和她的反权威宇宙,66ee73858ebb42820f7ed2b1,1,05:03 我喜欢还珠格格是因为，这是部群像剧，每一个配角都鲜活。而且剧情不沉重，它很活泼有趣。然后服饰化妆道具在那个年代也算出彩，男女主角也都俊男靓女。,True,0.9175841212272644,11,0
不合时宜 ,《还珠格格》回魂夜：被误读的琼瑶，和她的反权威宇宙,66ee2fd639b22b6bc41eab04,1,58:23 听到这里，觉得琼瑶功底炸裂！第一部是既有的小说作品改编。然后趁热打铁水灵灵的又写了两部出来～,True,0.9492149949073792,11,0
不合时宜 ,《还珠格格》回魂夜：被误读的琼瑶，和她的反权威宇宙,66ee293106446660c54474f5,1,37:41 琼瑶也是那个时代对进入现代社会城市生活的儒家家庭的反叛，其实现在去怀念这些剧，我感觉也有当下社会各种传统价值回流返潮的原因，当旧的价值观回来，对应的叛逆也会回来,True,0.9031782746315002,11,0
不合时宜 ,《还珠格格》回魂夜：被误读的琼瑶，和她的反权威宇宙,66ee516116b7be446de40f40,1,《还珠格格》各平台都下架了，众所周知的原因。不过，你越不让看，就越能勾起俺们好奇心！怎能以一姓之好恶，拂兆民之欢心。,False,0.6375287175178528,10,1
不合时宜 ,移民女性如何用食物“夺回”权力？,66e3c0e5e0d533de3adacd65,1,53:17 大无语。消费主义是陷阱，但对于有些人来说原生家庭是更大的陷阱。这也太不礼貌了。,False,0.9196016192436218,194,12
不合时宜 ,移民女性如何用食物“夺回”权力？,66e41908635bd54886bc3fe4,1,53:25 虽然男嘉宾声称自己关注具体和家庭，但很多地方比如此处，都显得十分傲慢，其实听下来觉得他并没有那么care他人具体的境遇，比如当主播问到他对男性群体观察的时候都是一些大而化之且并没有实际调研支撑的大数据观点。总的来说觉得他并没有太关心这个议题，而只是高高在上谈论自己的观点。,False,0.9080617427825928,184,5
不合时宜 ,移民女性如何用食物“夺回”权力？,66e3d7120159af666e5c0bc0,1,53:45 谁说单身就必然会点外卖，必然被消费主义挟持呢？在当下语境来看家庭主义至上才更像是一种霸权陷阱。,False,0.5674722194671631,158,1
不合时宜 ,移民女性如何用食物“夺回”权力？,66e4799412bcfbce152885da,1,不要为了凑数而录节目，选嘉宾要谨慎:face_with_rolling_eyes::face_with_rolling_eyes::face_with_rolling_eyes:,False,0.8984588980674744,108,0
不合时宜 ,移民女性如何用食物“夺回”权力？,66e3c16ce25f64698a6c04c8,1,很多老年男性没有生活自理能力，在丧偶后，会马上再娶，让新老婆给他做饭。,True,0.8781675696372986,98,4
不合时宜 ,移民女性如何用食物“夺回”权力？,66e4e083000a28e8da52e8f2,1,46:04 “应该鼓励女性回到厨房”？？女性才刚刚走出厨房，能参与工作多少年，居然就想着号召女性回到厨房了:rolling_on_the_floor_laughing:好吧，只能说男性终究是无法共情女性的。主播问他有没有让身边的男性也回到厨房工作，他都没有回答这个问题呢，看来即使是个别男性因为自己的兴趣下厨，也不会把这当作理所当然和值得推崇的一件事情号召别的男性和自己一样做，说得很漂亮，但是说的和做的是两码事,False,0.9094425439834595,83,1
不合时宜 ,移民女性如何用食物“夺回”权力？,66e414f1eede143bf95d32ee,1,53:14 天哪……这是正常人能说出来的话吗,False,0.8893985748291016,75,0
不合时宜 ,移民女性如何用食物“夺回”权力？,66e471a2ead45cefafd20234,1,以后邀请嘉宾……还是谨慎一些吧，这一期嘉宾太糟糕了:thumbs_down:,False,0.9220114946365356,71,0
不合时宜 ,移民女性如何用食物“夺回”权力？,66e43d66233988f533c01cdb,1,前面谈到女性在厨房的角色就觉得这个嘉宾很傲慢，听感非常不舒适。谈到原生家庭的时候。真的忍不了了。非常讨厌这个嘉宾。傲慢！用自己的偏见去评判所有人！,False,0.9456124305725098,65,0
不合时宜 ,移民女性如何用食物“夺回”权力？,66e49312a7a9ca595b1f1387,1,。。。自己家庭幸福就觉得所有人都可以跟原生家庭和解吗，有的人原生家庭真的可以变成把人逼疯的魔窟，就这么理直气壮地傲慢地觉得所有人没有跟原生家庭和解就是自己不够豁达的问题？自己爸妈很开明很幸福就觉得全天下父母都是爱自己孩子的？？？一个写了这么多书的phd和学者居然能说出这么武断狭隘的话。。。这种想法跟劝你爸妈都是为你好的七大姑八大姨亲戚有什么区别，这才是真正的霸权，只能说果然男人都是思乡的，因为家庭几乎不可能给他带来坏处，也就别强求他们共情了。,False,0.6548377871513367,61,1
不合时宜 ,移民女性如何用食物“夺回”权力？,66e40b54e0d533de3a122ce0,1,53:27 呃呃，有健康原生家庭的人开始站着说话不腰疼了,False,0.7974421381950378,56,1
不合时宜 ,移民女性如何用食物“夺回”权力？,66e45636522ccca95ee39ef7,1,40:19 还好磬说了不应只号召女性重回厨房，男嘉宾前面对厨房解构宏大叙事的表述还能理解，但说号召女性重回厨房我真不能接受，如果你真心觉得厨房里的一切是很棒的力量构成那么首先是你自己就先去真正实践起来，至于真要号召也应基于现实性别严重不平等的事实先号召男性加入厨房。另，厨房这种以女性为主日常持续劳作付出的场域，它本身为什么就不能也是一种宏大叙事呢？？时间的连续性绵延以及劳作本身对整个家庭成员的滋养就足够构成所谓的“史诗”，不是男人嘴里家国民族、历史英雄、战绩辉煌或尔虞我诈的东西是史诗。,False,0.8235697746276855,54,1
不合时宜 ,移民女性如何用食物“夺回”权力？,66e407073d755d1b268d878f,1,26:05 此刻你的privilege已尽显了,True,0.5951025485992432,53,0
不合时宜 ,移民女性如何用食物“夺回”权力？,66e4fac4c1951ed34460e61d,1,29:33 移民女性的事情让一个男的来谈也就罢了，还是个如此傲慢的男性,False,0.9376577734947205,52,0
不合时宜 ,移民女性如何用食物“夺回”权力？,66e5ad67087c8418302e2bf5,1,36:54 想请问一下两位主播是怎么想着让一个这样的男的来讨论少数族裔移民女性的故事的？是女的不做人类学研究吗？,False,0.9079201221466064,49,0
不合时宜 ,移民女性如何用食物“夺回”权力？,66e4753b347f5ea2943dc4b8,1,36:09 我的天，一个做饭的男人，说自己在厨房里感受到了女性的力量:person_facepalming:,True,0.859215259552002,42,1
不合时宜 ,移民女性如何用食物“夺回”权力？,66e4f3e2b3fdde2338b8d8f3,1,52:54 原生家庭创伤能扯到外卖和消费主义也是没谁了。嘉宾如此不食人间烟火，赤裸裸的傲慢,False,0.9429656267166138,39,0
不合时宜 ,移民女性如何用食物“夺回”权力？,66e49a8256905ccc93cc25b5,1,36:34 我们还没进步到要女性回到厨房里去啊，说的好像现在厨房里站的都是男的一样。 进不进厨房是我们自己说的算，男的就请你闭嘴,False,0.7090504765510559,39,0
不合时宜 ,移民女性如何用食物“夺回”权力？,66e558da4c1223427363636c,1,36:47 后悔没有先看评论再听，又是浪费给男性自恋发言的半小时,False,0.9240984320640564,34,0
不合时宜 ,移民女性如何用食物“夺回”权力？,66e55631b5645dd1fe80f494,1,53:06 要不justpod改名justptsd吧，我们的男性嘉宾总是不令人人失望的令人失望了,False,0.5084965825080872,33,0
不合时宜 ,“学神”的真相：特权阶层如何复制下一代的精英身份？,66da7cb8a98fb1b6c6640d42,1,福柯说过教育是权力的游戏。,False,0.9213414788246155,330,3
不合时宜 ,“学神”的真相：特权阶层如何复制下一代的精英身份？,66da7a9186ba746769de6366,1,"https://www.xiaoyuzhoufm.com/episode/6649ab1182b428eafd8f23f4 

https://www.xiaoyuzhoufm.com/episode/66d12a4eb2db7c74f1ccd0d5 

https://www.xiaoyuzhoufm.com/episode/66163b9948c40e2fb0676058 嘉宾参与的其他几档播客",True,0.6720114350318909,199,5
不合时宜 ,“学神”的真相：特权阶层如何复制下一代的精英身份？,66daa429c392f08977134334,1,想知道，有没有人和我一样，看到这期标题和内容很想听，却又不敢点开听…只好先添加到播放列表里,False,0.8043301105499268,153,8
不合时宜 ,“学神”的真相：特权阶层如何复制下一代的精英身份？,66dbe2e116d1dc6df215685f,1,45:10 “中国的高考是一个全球竞争数一数二的事件。在一个血气方刚的年纪，你可以坐在书桌前学习十几个小时你根本就不喜欢的学科的书。它训练出的这种耐力、毅力甚至是能力是很多没有经过高考的学生所不具备的。他们的核心竞争力就是高考。中国的教育在筛选人的时候，不仅是筛选了那些有聪明才智的，还在筛选那些会按照国家的希望做事的人。其中的一个就是让你去做一个很无聊又艰巨的事情，你会不会去做？这些人他经过了高考，说明他可以。”,True,0.867019534111023,224,10
不合时宜 ,“学神”的真相：特权阶层如何复制下一代的精英身份？,66dc2f67809375e2f3446169,1,嘉宾研究了这么多年感觉还没有普通中国人懂中国教育……,False,0.6250000596046448,101,8
不合时宜 ,“学神”的真相：特权阶层如何复制下一代的精英身份？,66dc154f6fd1fe71e5047a7a,1,太多大空话了，没什么实质内容。,False,0.9373565316200256,76,6
不合时宜 ,“学神”的真相：特权阶层如何复制下一代的精英身份？,66da9a0fd070496578f87f2a,1,43:51 我也觉得英语最重要，英语好了才可能成为世界公民,True,0.8809255361557007,55,0
不合时宜 ,“学神”的真相：特权阶层如何复制下一代的精英身份？,66db0b317196f422fa1869b7,1,35:59 借张雪峰老师的话，成功人士不是想做什么能做什么，是不想做什么就可以不做。,False,0.8046110272407532,52,0
不合时宜 ,“学神”的真相：特权阶层如何复制下一代的精英身份？,66dc0c058ead46fce70b0b0d,1,07:48 我觉得课外时间不打扰老师是基本常识，不是什么配得感，就基本尊重，尊重私人时间,False,0.7483254075050354,61,5
不合时宜 ,“学神”的真相：特权阶层如何复制下一代的精英身份？,66dfe69d11ca680d29607af8,1,听到阿猫阿狗学校这样的表述很不舒服，这不就是精英的本质。,False,0.7740631103515625,32,2
不合时宜 ,“学神”的真相：特权阶层如何复制下一代的精英身份？,66dbb7f3cd37bf4b182a31eb,1,21:03 我真的好震惊有人会把同班同学当成高考竞争对手吗 我高中在北方，学校还不错最好的尖子班可以十多个人上清北的。谁会对具体的周围的人产生竞争意识啊,True,0.8476926684379578,37,11
不合时宜 ,“学神”的真相：特权阶层如何复制下一代的精英身份？,66dad290aa1a3564fdd30f33,1,32:59 笑死，金融，看来精英阶层也捉摸不透时代脉搏,False,0.8637309670448303,19,5
不合时宜 ,“学神”的真相：特权阶层如何复制下一代的精英身份？,66dc3d1b588297384c13c1da,1,06:55 震惊 我一路名校也没见过这种情况。。太不尊重老师了吧,False,0.9432042837142944,18,2
不合时宜 ,“学神”的真相：特权阶层如何复制下一代的精英身份？,66dd4e4f10fb3ca927d67100,1,54:29 是门罗的亲生女儿指控继父性侵，母亲包庇继父（当时的丈夫）。不是她的继女被丈夫性侵,False,0.6621319651603699,19,1
不合时宜 ,“学神”的真相：特权阶层如何复制下一代的精英身份？,66da68c4cd37bf4b183febbb,1,怎么感觉之前在另一个播客听过,False,0.6728654503822327,17,1
不合时宜 ,“学神”的真相：特权阶层如何复制下一代的精英身份？,66daac25df83e30faf4e6c1d,1,45:31 好细思恐极的国民优势啊,True,0.551361620426178,16,1
不合时宜 ,“学神”的真相：特权阶层如何复制下一代的精英身份？,66da9a521ad01844d0c000b7,1,45:09 从小就在做服从性测试,True,0.8491147756576538,16,0
不合时宜 ,“学神”的真相：特权阶层如何复制下一代的精英身份？,66dd8f982ada537241ecadbb,1,46:21 好傲慢好无知的说法。,False,0.9007241725921631,14,0
不合时宜 ,“学神”的真相：特权阶层如何复制下一代的精英身份？,66da6e4c50f0a69cebf35a97,1,"45:04 最近看了一个新初一小朋友的视频。
是一个12岁的小朋友拍的…我看的想哭
小朋友说我们是人生的主角，不会因为我们在一段时间服从什么而改变什么（小朋友，我不是很确定啊）
这么小就要服从呜呜呜
主要是现在需要压抑天性的地方也太太太太多了呜呜呜",True,0.82401043176651,13,2
不合时宜 ,“学神”的真相：特权阶层如何复制下一代的精英身份？,66daa470c8e01cf57a434a3c,1,歪个楼，嘉宾长期生活在中国大陆口音似乎有被同化耶,True,0.7049415111541748,14,0
不合时宜 ,Z 世代集体戒色，性萧条时代真的来了吗？,66ceb67a45eca353ac02679a,1,"【听众专属福利】
大家好，无论是单身还是有男朋友或已婚的，都去尽情开发自己的身体吧，在【自愿】【隐秘】【安全】的三必要下，去尽情的享受性和小海豹给你们带来的快乐吧！对大人糖产品感兴趣的朋友们，可通过以下2种方式获得专属优惠，逗豆鸟RRO和小海豹原价359元，领券后到手价299元，备注还可额外赠送89元大礼包噢！
 
:keycap_1:淘宝搜索【大人糖旗舰店】，私信客服，报暗号【不合时宜】领券下单
 
:keycap_2:点击shownotes里的直达链接或复制口令【￥DGv43UF555w￥】领专属优惠券，下单直接满减。由于手机机型差异，部分小伙伴可能无法打开链接，复制淘口令购买会更快哦！
 
:glowing_star:重要提示！下单时记得一定要备注【不合时宜】才会随单一起送出礼包哦！:wrapped_gift::wrapped_gift: 海外听众可以点击 http://suo.im/7kYb2下单输入优惠码【不合时宜】即可享优惠价。",,0.8897552490234375,16,1
不合时宜 ,Z 世代集体戒色，性萧条时代真的来了吗？,66ceca63bb8137ad8186c2cc,1,我特别特别赞同把性当成一件正事来做，但萧条的背后可能正是因为它不像工作或者高考能带来“实打实”的“安全感”，饱暖思淫欲，高压社会下大部分人还并没有达到那个饱暖程度吧，哎,,0.795789361000061,206,2
不合时宜 ,Z 世代集体戒色，性萧条时代真的来了吗？,66cec2c9112fe9cbe01d40af,1,"体感：1.经济太差只能先一心考虑生存2.为了生存出现更多城市与国家的迁移，人们维持稳定亲密关系更难了 3.还有高薪工作的人，工作强度比较大",,0.6368035674095154,141,1
不合时宜 ,Z 世代集体戒色，性萧条时代真的来了吗？,66cef9ea6e5425de61ff7c73,1,"其实我一直有一个猜想，就是所谓的「性萧条」，其实是女性地位提升的真实反映，或者说因为女性主体性提升之后导致的性资源稀缺。
这不是说女性不需要性，但客观来说，女性对性的需求就是比男性少很多，这可以很简单的从女同性恋和男同性恋的做爱频率得出。因此，当女性地位提升后，总体的性行为频率是一定较之前下降的，在所有可能因素里，我认为这才是主要原因。
也可以做一个简单的思想实验，如果世界上的女性都变成男人，男性全是同性恋，其他条件不变，还会有性萧条吗？答案不言自明。
所以所谓的「性萧条」并非坏事，只是人类社会发展的必然阶段，我是这样想的。",,0.8092370629310608,172,4
不合时宜 ,Z 世代集体戒色，性萧条时代真的来了吗？,66cec1a3864ede48c344f01e,1,怕得性病，快35了还没纳入式过。,,0.6886014342308044,60,2
不合时宜 ,Z 世代集体戒色，性萧条时代真的来了吗？,66cfc423e6f38a262f61302e,1,…通篇居然还是异性恋视角，果然还是顺直人统治的世界,,0.8812240362167358,50,6
不合时宜 ,Z 世代集体戒色，性萧条时代真的来了吗？,66cec0020abac96666c42765,1,内容有趣，但一直听到“可能、可能”的口癖太难受了:persevering_face:,,0.8317357301712036,36,4
不合时宜 ,Z 世代集体戒色，性萧条时代真的来了吗？,66cec77d46e910f36f00c3f5,1,男的怎么假装，不行就软了啊,,0.8946872353553772,66,2
不合时宜 ,Z 世代集体戒色，性萧条时代真的来了吗？,66cfffa2b71b1b6ef3334440,1,嘉宾和主播们居然这么自信了解男性。嘉宾一再说，说了让男性不高兴的话。但是你知道么，男性就真的不会因为你说什么而不高兴，特别是当你的观点站不住脚的时候。只会觉得这对或不对，而不是高兴和不高兴。另，当女性总是觉得在性方面是男性占便宜女性吃亏，那我只能说这样的女性对于尊重和享受性这件事你根本没有开窍。,,0.8814829587936401,22,7
不合时宜 ,Z 世代集体戒色，性萧条时代真的来了吗？,66ced53204494ea7763b3d5c,1,浪漫关系的式微和巨大的就业压力下沉到每一个阶段的人让年轻人主动且被动地脱离浪漫关系和由浪漫关系主导的性生活。未来国内的发展大概会和日本一样，可以参考《轻刀快马》上上期的播客,,0.9277705550193787,27,0
不合时宜 ,Z 世代集体戒色，性萧条时代真的来了吗？,66cec0a2ef22e1c651cb8009,1,31:54 “陈玥9岁就辍学了，没有校园关系也缺乏紧密的家庭关系。她能拥有的陪伴，大都来自圈子里一样脱轨的孩子。他们会伤害她，但可能是她情感上唯一的选择。”,,0.6394068598747253,27,0
不合时宜 ,Z 世代集体戒色，性萧条时代真的来了吗？,66ced27804494ea776393801,1,让我戒色还不如直接让我被毁灭…我满脑子都是doi那点事,,0.9242965579032898,25,0
不合时宜 ,Z 世代集体戒色，性萧条时代真的来了吗？,66ceb9beddd011664387d44c,1,03:10 大人糖有眼光,,0.8479371070861816,25,0
不合时宜 ,Z 世代集体戒色，性萧条时代真的来了吗？,66d2cf64d9710592b13b6aa8,1,现在不合时宜基本是风格是：起个引流量的标题+非常中庸的内容,,0.9130362272262573,19,1
不合时宜 ,Z 世代集体戒色，性萧条时代真的来了吗？,66d045946cbad21755568a50,1,不用管男的高不高兴，他们已经占有太多了……,,0.8049466013908386,19,0
不合时宜 ,Z 世代集体戒色，性萧条时代真的来了吗？,66cecf10dd66a95b3b249b1b,1,根本没有性解放 都双洁了 更保守了,,0.9380549788475037,16,3
不合时宜 ,Z 世代集体戒色，性萧条时代真的来了吗？,66cebfcabf08051495fa0c88,1,34 岁，孩子快 2 岁了，22 年 到 24 年，大约 32 个月了，真正啪啪一次！！,,0.6053799986839294,15,3
不合时宜 ,Z 世代集体戒色，性萧条时代真的来了吗？,66cfac5a3b0d4a5e076d93c7,1,听过最长的广告,,0.6134113073348999,14,0
不合时宜 ,Z 世代集体戒色，性萧条时代真的来了吗？,66d01be3819c383a6e4cbc9f,1,19:46 没有控制变量，年龄在40-50之间的受访者和年龄在20-30之间的研究员的差别不仅仅是受教育程度，还有年龄差距带来的经验差距，怎么能得出受教育程度高反而对性话题态度不够开放的结论？？,,0.8101937174797058,12,2
不合时宜 ,Z 世代集体戒色，性萧条时代真的来了吗？,66cecffea7b8a7442783cdde,1,也要让男性感受下女本位的力量了 girls power 姐妹贴贴:clapping_hands:,,0.9406355023384094,14,0
不合时宜 ,当占星师遇上萨满，中元节灵魂漫谈,66cb3eb80b02662ae50edde2,1,33:31 这样的男的 也要请为嘉宾吗,,0.8120965957641602,228,4
不合时宜 ,当占星师遇上萨满，中元节灵魂漫谈,66cb52b7e58e3204dc625500,1,这男的没事儿吧 不论古代现代 女占星师多与少都跟逻辑与难度无关吧 这让我不禁怀疑 带着严重刻板印象的占星师能在工作时给出客观的结论吗 听前边就觉得这个占星师讲的一般 我还觉得可能是因为我不是相关领域的 听到这证明 我的观感一点没错,,0.9158390760421753,187,0
不合时宜 ,当占星师遇上萨满，中元节灵魂漫谈,66cb868f8ae9cb83f58b9dbf,1,“占星是一门技术，所以占星师大部分都是男的。我周围很多朋友学了一段时间都放弃了，因为枯燥费脑，更多调用逻辑脑。” 就说这段发言（及言下之意）有没有逻辑吧。,,0.621157705783844,157,1
不合时宜 ,当占星师遇上萨满，中元节灵魂漫谈,66cbee3e052c0556d866a5b9,1,虽然这位男性自诩更理性，但是这期节目里逻辑最差的似乎是他诶…另一位女性嘉宾表达的观点不仅更有特色，也更体贴，有批判性。,,0.809522807598114,136,1
不合时宜 ,当占星师遇上萨满，中元节灵魂漫谈,66cb509e1368f0a2d43cf047,1,啊这怎么了宇宙上空写着逻辑脑属于男性吗,,0.5763492584228516,162,1
不合时宜 ,当占星师遇上萨满，中元节灵魂漫谈,66cb2a1d0485fe2c34c17816,1,感觉这个男的观点很刻板印象,,0.5156602263450623,103,0
不合时宜 ,当占星师遇上萨满，中元节灵魂漫谈,66cbc65959d1b5781232386e,1,33:25 莫名其妙，占星也要搞性别歧视是吗？女占星师明显更多而且更有名,,0.6582109332084656,87,0
不合时宜 ,当占星师遇上萨满，中元节灵魂漫谈,66cb13ec518e5d1225a30515,1,37:24 德语里太阳是阴性，属于女人。,,0.7551225423812866,86,1
不合时宜 ,当占星师遇上萨满，中元节灵魂漫谈,66cb12f30485fe2c34aeb98b,1,33:59 但我遇到算的准的都是女的。,,0.7466062903404236,59,0
不合时宜 ,当占星师遇上萨满，中元节灵魂漫谈,66cb809bde1d06f1d29c89b9,1,这男占星讲的逻辑上听不太懂:smiling_face_with_smiling_eyes::waving_hand:,,0.8622809648513794,53,0
不合时宜 ,当占星师遇上萨满，中元节灵魂漫谈,66cc31f290a7dedd3ad9ab58,1,31:23 理性发言：这位男！占星师非常言之无物，不管从逻辑思维还是个人知识水平层面。就算想要证明男女有别他的论点也很站不住脚。感性发言：#%*#*&$》（哔语言已屏蔽,,0.9445387125015259,49,0
不合时宜 ,当占星师遇上萨满，中元节灵魂漫谈,66cc657eb6248abdca06127b,1,感觉男嘉宾像个不太精明的骗子，,,0.8976472616195679,40,0
不合时宜 ,当占星师遇上萨满，中元节灵魂漫谈,66cafcea316e1f075f125b85,1,果真是敖登托雅老师！双厨狂喜,,0.950717031955719,39,0
不合时宜 ,当占星师遇上萨满，中元节灵魂漫谈,66cbcca75b40fa73a9ea2a89,1,33:39 听到这里听不下去了，不知道他在说什么，典男…,,0.9083600640296936,38,0
不合时宜 ,当占星师遇上萨满，中元节灵魂漫谈,66cbc9bf33c968c13760b65c,1,33:43 意思是男的比女的更有逻辑是吗:grinning_face_with_sweat:,,0.6961765885353088,37,0
不合时宜 ,当占星师遇上萨满，中元节灵魂漫谈,66cbf72504f8ba1c611512ac,1,33:17 令人不适的刻板男性发言,,0.9025603532791138,34,0
不合时宜 ,当占星师遇上萨满，中元节灵魂漫谈,66cc594d626c576dc6284814,1,只能说  两个嘉宾完全不是一个层次 放在一起高下立见,,0.9187341928482056,33,0
不合时宜 ,当占星师遇上萨满，中元节灵魂漫谈,66cb92f3f81e2579ac5a9091,1,受不了这个男的了,,0.9340448379516602,30,0
不合时宜 ,当占星师遇上萨满，中元节灵魂漫谈,66cc58590451ff073e004019,1,希望主播们请嘉宾之前多了解一下，这个占星师讲的话以及他表现出来的水平真的多少有点拉低此播客。他说到男占星师更多并且马上说占星需要逻辑理性思考的时候我都怀疑自己听错了，带回去又听了一遍发现他就是这么说的。真的是为他落后的思想感到尴尬,,0.9303365349769592,42,1
不合时宜 ,当占星师遇上萨满，中元节灵魂漫谈,66cb4581809d728745e97dcd,1,1:03:00 听到这里真的感觉敖登托雅老师是个超级温暖博爱具有同理心的人！,,0.9474738836288452,25,0
不合时宜 ,古老的风水如何进入现代社会？一个来自风水先生的视角,66c72b179b72cd8570369bb2,1,开始还是很敬畏的，自听到新加坡的经济增长和生育力低因为风水的问题后，就觉得不对劲了……,,0.9136820435523987,51,1
不合时宜 ,古老的风水如何进入现代社会？一个来自风水先生的视角,66c82d7106ea754370f0da50,1,果然北大收外國學生是沒有標準的，這個風水師的邏輯理論基礎真是太差了,,0.9412348866462708,48,0
不合时宜 ,古老的风水如何进入现代社会？一个来自风水先生的视角,66c70b387751304e3fa2d063,1,里面有太多的经典谬误，比如把相关性推导为因果性  不值一驳,,0.8257689476013184,36,0
不合时宜 ,古老的风水如何进入现代社会？一个来自风水先生的视角,66c7d8d7cf8fed567dddfe33,1,人丁兴旺这种大笨蛋观点啥时候能结束。人又不傻，生孩子有好处为啥不生？,,0.8956620097160339,31,0
不合时宜 ,古老的风水如何进入现代社会？一个来自风水先生的视角,66c827d427f5cbb1f55f9e1f,1,听完真的觉得现代的玄学还是有很多糟粕,,0.6383731365203857,26,0
不合时宜 ,古老的风水如何进入现代社会？一个来自风水先生的视角,66c7ec06263e9c56d4b0d4c7,1,说了句入题慢 算是很中肯的评价了 主播竟然还给我删掉了，气量太小 直接不想关注这个频道了,,0.9473364353179932,20,0
不合时宜 ,古老的风水如何进入现代社会？一个来自风水先生的视角,66c688f591d87e4a6a74234a,1,聊了15分钟才聊到“风水是什么”，此时已过去1/4！,,0.9447323083877563,21,0
不合时宜 ,古老的风水如何进入现代社会？一个来自风水先生的视角,66c8193306c476f209c1ac72,1,进入主题晚，嘉宾讲话也缺一些逻辑。听起来有点费劲。,,0.7759977579116821,14,0
不合时宜 ,古老的风水如何进入现代社会？一个来自风水先生的视角,66cac35920eecbbb813db4be,1,看了评论后，感觉这期可以不听,,0.9109116196632385,9,3
不合时宜 ,古老的风水如何进入现代社会？一个来自风水先生的视角,66c67830039bb974f694b50e,1,一开始就应该直入主题，节省时间,,0.933854341506958,10,0
不合时宜 ,古老的风水如何进入现代社会？一个来自风水先生的视角,66c68f800878bd6986b65e1d,1,37:53 东北是相对于哪个基准点的东北呢,,0.5744975209236145,9,0
不合时宜 ,古老的风水如何进入现代社会？一个来自风水先生的视角,66c9afa2f8379c59871c18aa,1,孟常老师不做播客了嘛？好几期都没有听到你们一起聊天了:speech_balloon:,,0.8500918745994568,6,1
不合时宜 ,古老的风水如何进入现代社会？一个来自风水先生的视角,66c6dcb873a3a7628f7c641e,1,1:01:09 我爸也是带个啥放个啥东西就能带财，很信各种风水师傅。但我感觉是被骗了很多钱，动不动就要上万，不敢想象这个爆利润行业。,,0.9354191422462463,8,0
不合时宜 ,古老的风水如何进入现代社会？一个来自风水先生的视角,66c928ac5ad37cef29bfe64a,1,15:32 闽南语里“风水先生”和“地理老师”是同一个词。以前上地理课的时候讲到诸如河流凹岸和凸岸的区别及其对不同类型人类活动选址的影响，老师就会讲，一些“风水”的说法背后其实是有地理学上的依据的。,,0.707432210445404,6,0
不合时宜 ,古老的风水如何进入现代社会？一个来自风水先生的视角,66c70baf927912c621cfe5af,1,38:29 上一个九运刚好是鸦片战争、太平天国运动时期，确实挺乱的,,0.5545759797096252,7,0
不合时宜 ,古老的风水如何进入现代社会？一个来自风水先生的视角,66cfe1e13b0d4a5e07984f24,1,男嘉宾有点太爱强调他的“有钱”客户了 宣传目的太明显 没有什么干货,,0.930839478969574,5,0
不合时宜 ,古老的风水如何进入现代社会？一个来自风水先生的视角,66ced1fe23aa63d0d225d94f,1,54:36 这个嘉宾没讲什么实际内容，就是bla bla bla,,0.9277157187461853,5,0
不合时宜 ,古老的风水如何进入现代社会？一个来自风水先生的视角,66cc2e9a629c81668083bd5c,1,感觉这个男嘉宾好像是来推销他自己的。,,0.9063825607299805,5,0
不合时宜 ,古老的风水如何进入现代社会？一个来自风水先生的视角,66c9e64403e3fbc5f854c0bf,1,22:46 什么都到礼记这种古书上去一一对应，难道古书的编写者就没有局限吗？,,0.8513672947883606,5,0
不合时宜 ,古老的风水如何进入现代社会？一个来自风水先生的视角,66cdd06e46e910f36f494b5f,1,…没想到这期是不合时宜的节目..不知道是为了包罗万象还是..水平下降..,,0.904952347278595,4,0
