pod_name,epi_name,id,level,text,isFriendly,Sentiment,likeCount,replyCount
沈奕斐的播客 ,191.40岁能不能辞职？为什么不建议年轻人轻易GAP？,674030f4a6da640fa4db175c,1,全世界都劝你不要gap，你依然有勇气去gap，用gap时间认真思考自己的方向，那gap的这段时间，就是最珍贵的时间。如果别人劝你不要gap，你就听了，不gap，那你确实不适合gap。,True,0.9234282970428467,28,0
沈奕斐的播客 ,191.40岁能不能辞职？为什么不建议年轻人轻易GAP？,673fd3a5eca6c88cc5f068c8,1,22:50 同意商老师，合法的钱都可以挣。,False,0.6416566967964172,18,0
沈奕斐的播客 ,191.40岁能不能辞职？为什么不建议年轻人轻易GAP？,673fcf952c8ebec3884e86b3,1,09:12 马化腾是71年生，98年创业，27岁创业,True,0.6536919474601746,15,3
沈奕斐的播客 ,191.40岁能不能辞职？为什么不建议年轻人轻易GAP？,673fe744225c83c711423033,1,沈老师好，我是周二晚上在视频号上和您连麦的甜甜，当时向您请教的是关于换城市工作的问题，您给我的回答让我感觉很幸福~一方面是因为有一种多年网友奔现的快乐，发现现实中的沈老师和我想象的一样真诚、热心，另一方面感觉到沈老师非常认真地为我出谋划策，特别是您说希望我们这些年轻人能少走一些弯路，真的很感动。今天听了两位老师的播客，进一步理解了沈老师的教导，首先要保证经济独立，有了自立的能力再考虑追求自己的梦想，谢谢两位老师~直播时看到老师生病了，希望老师好好修养，早日康复[玫瑰],True,0.9459466934204102,13,4
沈奕斐的播客 ,191.40岁能不能辞职？为什么不建议年轻人轻易GAP？,673fdf555c132a93df6dc8cf,1,27:15 不要有“只有喜欢的事情才能做好”的迷思，试试看把不喜欢的事情也做好。,False,0.8744943737983704,10,0
沈奕斐的播客 ,191.40岁能不能辞职？为什么不建议年轻人轻易GAP？,673fe0592d13662e699daa1b,1,沈老师以前说过，把不喜欢的事情做好的能力也很重要的～能力的培养！当时给我影响很大 感恩！,True,0.9463814496994019,8,0
沈奕斐的播客 ,191.40岁能不能辞职？为什么不建议年轻人轻易GAP？,673fd8552c8ebec388541c6f,1,一早喝着咖啡，听着沈老师商老师的互聊互怼，一早的松弛，让我超relax,True,0.9521918296813965,8,0
沈奕斐的播客 ,191.40岁能不能辞职？为什么不建议年轻人轻易GAP？,673ff204d7f0d6014e91a214,1,22:34 商老师这个品质很可贵,True,0.9331756234169006,6,0
沈奕斐的播客 ,191.40岁能不能辞职？为什么不建议年轻人轻易GAP？,673fedde27f395bce7424267,1,1:02:01 经常性的给自己放假，给自己喘息空间，例如运动、烘焙等等，但不要长时间放假。,True,0.7749385237693787,5,1
沈奕斐的播客 ,191.40岁能不能辞职？为什么不建议年轻人轻易GAP？,67400412f311a2c9141e96bf,1,23:13 商老师好棒啊！向商老师学习！！再小的钱合法都可以做，对啊，为什么不呢。,True,0.8820796012878418,5,0
沈奕斐的播客 ,191.40岁能不能辞职？为什么不建议年轻人轻易GAP？,67401fd755622d29520efa09,1,1:05:14 哈哈哈哈四十岁突然想起来高考没考好再考一遍,True,0.8884079456329346,4,0
沈奕斐的播客 ,191.40岁能不能辞职？为什么不建议年轻人轻易GAP？,673ff0de20a3bca3d1c9aea6,1,1:06:30 哈哈哈哈 沈老师可以出个差旅快速入睡的分享微博吗 怎么适应高频出差的小心得咩,True,0.8868919610977173,4,0
沈奕斐的播客 ,191.40岁能不能辞职？为什么不建议年轻人轻易GAP？,673fcfb9f311a2c914fab676,1,搜了一下，马化腾27岁就成立腾讯了,True,0.761343240737915,3,1
沈奕斐的播客 ,191.40岁能不能辞职？为什么不建议年轻人轻易GAP？,67402bf0421b73f75a4421c9,1,想问两位老师怎么看温铁军老师戴锦华老师认为失业潮必然到来，弃民越来越多的问题呢?,,0.8707073330879211,3,0
沈奕斐的播客 ,191.40岁能不能辞职？为什么不建议年轻人轻易GAP？,674003628d22603d36d97938,1,46:26 中产文青的三大杀手hhhh,True,0.9377360939979553,3,0
沈奕斐的播客 ,191.40岁能不能辞职？为什么不建议年轻人轻易GAP？,674001b4784853514ffb6e9b,1,53:08 哈哈哈哈，商老师让我真是体会到“男人至死是少年”… 隔着wifi都感觉沈老师默默在心里翻了个白眼哈哈哈,,0.9195883274078369,3,0
沈奕斐的播客 ,191.40岁能不能辞职？为什么不建议年轻人轻易GAP？,673ff85f20a3bca3d1cf0274,1,05:56 哈哈哈哈哈，离婚成为董明珠！真美好的画面,True,0.881230890750885,3,0
沈奕斐的播客 ,191.40岁能不能辞职？为什么不建议年轻人轻易GAP？,673ff6f423762d5c395f7639,1,老师们，受不了现在的工作了，感觉没有未来,False,0.728742778301239,3,0
沈奕斐的播客 ,191.40岁能不能辞职？为什么不建议年轻人轻易GAP？,673feeb9dd5b823b4e0d3507,1,58:05 哈哈哈哈哈哈哈 车速来了,True,0.5268701910972595,3,0
沈奕斐的播客 ,191.40岁能不能辞职？为什么不建议年轻人轻易GAP？,673fe07d225c83c7113d8d5a,1,58:05 笑死了 商老师,False,0.5471368432044983,3,0
沈奕斐的播客 ,190.为什么每个人都该建立学术审美？如何培养阅读习惯？聊聊如何做研究,672d6905fcb77504a1a68f73,1,37:52 天啊，沈老师好有责任感，之前某篇调查统计的论文，在本身问题设计有问题的情况下，竟然轻易得出男性认知比女性高的结论。作者和编辑竟然都不觉得有问题，发表在了专业期刊上。看完觉得这种毫无价值，失实偏颇的东西有什么发表的必要。,False,0.9333545565605164,38,1
沈奕斐的播客 ,190.为什么每个人都该建立学术审美？如何培养阅读习惯？聊聊如何做研究,672d995b11c05f2d658a6885,1,52:22 我理解孩子不爱看书，实际上是不爱看大人要求看的名著。小孩子在那个阶段根本就读不懂这些名著。所谓名著都是大人定义的，没有一定的生活经验积累怎么可能能够理解名著中那些大人的故事。再加之很多的名著是国外严肃文学，又厚又不贴国内生活，即使是大人也没有读下去的欲望。搞笑漫画在大人眼中可能是不入流，但是也是孩子探索世界，开展阅读的一种方式。,False,0.9013815522193909,35,1
沈奕斐的播客 ,190.为什么每个人都该建立学术审美？如何培养阅读习惯？聊聊如何做研究,672d913026975972605ec090,1,沈老师能为了社会利益，放弃自己的研究，respect,False,0.9501132965087891,22,0
沈奕斐的播客 ,190.为什么每个人都该建立学术审美？如何培养阅读习惯？聊聊如何做研究,672f099aa040127bbf698536,1,作为应届毕业生参加招聘会结束后坐上出租车回家，忍不住和司机吐槽现在大学生就业多难，司机师傅表示理解，并安慰我说读书使人的整体素质还是提高了。这句话让我无法反驳，我突然意识到当学历提升并不能带来劳动报酬提高时，教育还剩下了什么意义。司机师傅给了我答案，沈老师也给了我答案。,False,0.9366114735603333,17,0
沈奕斐的播客 ,190.为什么每个人都该建立学术审美？如何培养阅读习惯？聊聊如何做研究,672d829c79d967b4bb03cbb9,1,非常喜欢这期！受益匪浅！这正是我最近工作中的困惑。因为领导是博士，有些大家都不懂的工作会让我们去“研究”，然后汇报成果。因为时间短任务重，我经常一团乱麻，全是脑雾，每次都被批评，而且领导窒息的提问经常让我来不及思考。节目中，沈老师和商老师对研究方法论的总结太好了，感觉就是我的迷思，还有后面商老师提到的深度思考和总结汇报能力，都是我在工作中遇到的痛点哈哈哈！接下来，我要践行了，谢谢老师们！,True,0.9548409581184387,11,0
沈奕斐的播客 ,190.为什么每个人都该建立学术审美？如何培养阅读习惯？聊聊如何做研究,672d98c5162964bd125999b3,1,1:05:08 听到再见爱人沈老师番外了哈哈,True,0.8608251214027405,10,0
沈奕斐的播客 ,190.为什么每个人都该建立学术审美？如何培养阅读习惯？聊聊如何做研究,672d61ba45785f2f2bd02ce5,1,商老师声音有点小哦，有些听得不清楚，沈老师声音就非常合适，下次希望可以调整一下呀,True,0.9180655479431152,8,2
沈奕斐的播客 ,190.为什么每个人都该建立学术审美？如何培养阅读习惯？聊聊如何做研究,672f5bb4733f81443432bd1d,1,27:37 ？为什么是马工程教材，不知道老师们怎么看这套教材，但学生群体内是多数人都觉得这套书编得晦涩难懂不好自学吸收知识的，真诚发问,False,0.9206976294517517,8,0
沈奕斐的播客 ,190.为什么每个人都该建立学术审美？如何培养阅读习惯？聊聊如何做研究,6731211d11c05f2d65085a02,1,49:21 这几年重新培养阅读习惯是从读纸质书开始的，每年稳定可以读30-40本，以前读电子书一年只能读10本，太容易分心了,True,0.9393944144248962,7,1
沈奕斐的播客 ,190.为什么每个人都该建立学术审美？如何培养阅读习惯？聊聊如何做研究,6730b5632bf8582d44c1acd7,1,03:01 神经蛙是默认名字之一，可能是很多个人，也可能是一个人，就像小红书的momo一样,True,0.8386061787605286,5,2
沈奕斐的播客 ,190.为什么每个人都该建立学术审美？如何培养阅读习惯？聊聊如何做研究,6733867867ebccb101c192d6,1,"说个题外的，沈老师可以谈谈关于《再见爱人4》的内容吗？我在哔哩哔哩上看到很多都是在指责麦琳的，而且我在小宇宙里看到很多都是理解、支持麦琳的，像请沈老师客观的专业的讲讲这个话题。
  我不知道哪边的观点更加正确，可能我是男性的原因或者在哔哩哔哩看到了一些观点内容，所以先入为主的看到小宇宙的一些播客以及评论在力挺麦琳，我会觉得这是那些女性用户对舆论场上的反击（而非客观的看待麦琳）
  所以希望沈老师出期播客来帮助大家从更加客观、专业的角度来看待这个事件，也希望能纠正我的一些错误观念。",True,0.8749157190322876,6,0
沈奕斐的播客 ,190.为什么每个人都该建立学术审美？如何培养阅读习惯？聊聊如何做研究,672d5964ae93768db2621229,1,20:33 最近看的一个网络暴力的视频也是，感觉网络上大家戾气有点重，动不动就开始批评,False,0.8293795585632324,7,1
沈奕斐的播客 ,190.为什么每个人都该建立学术审美？如何培养阅读习惯？聊聊如何做研究,672f6f314b6e8e1355bfed34,1,02:44 每一期都打赏两块钱,True,0.6847954392433167,6,0
沈奕斐的播客 ,190.为什么每个人都该建立学术审美？如何培养阅读习惯？聊聊如何做研究,672dcaf2162964bd127fcaeb,1,"50:27 其实关于这类短视频我有另一个看法，这类短视频很像十来年前网文兴起时那种情况，刚开始网文多是以狗血，低俗，想象力丰富，个性话题材为主，后面经过多年发展和读者欣赏水平的升级在整体逻辑、题材、风格和节奏变的更好了，其中的优秀者可以改编成电影、动漫、连续剧。现在的抖音短剧就是类似网文初期那样，会提供快速的冲突和转折，意想不到的结局和狗血，听说对老年人吸引力还挺足，可能老年观众没受过这类低趣味，节奏类型内容的冲击。或许短剧也会像网文一样经过多年发展和观看者不断的审美要求，变的越来越好。

网文和短剧也算是大众对文学和影视行业的低水平创作吧，相当于人人都可以做导演和作者。当大家对狗血看多时，好的东西总会出现的。
﻿
不过，沈老师和商老师你们知道吗，这种短剧已经走出国门了，有些制作者专门拍适应欧美的短剧，b 站上还有主演欧美短剧的 up 主。",True,0.7397775053977966,7,0
沈奕斐的播客 ,190.为什么每个人都该建立学术审美？如何培养阅读习惯？聊聊如何做研究,67322969eb174e811e574d44,1,"发现自己毕业之后，深度思考阅读能力以及专注力下降了很多。
阅读书本的时间越来越少了。
从今天起要多去看书（虽然去年也这么说）
我经常会一刷小红书、微博、抖音就刷的停不下来，并且老是会用短视频从业者的理由安慰自己。

1.现在我给自己的行动就是给app设置定额时间。
2.工作的时候把耳机带上，减少外界的干扰。
3.很喜欢听播客，但大量的输入并没有特别多的输出，希望从现在开始就给每一篇听过的播客写点东西哪怕几句话的总结，或者触碰到我的点写评论。
4.今年很大的改变是比起去年输出能力有了提升，多写了很多碎片化的评论，小短文。但是并不成体系，全是碎片化的想法，并没有继续更深度的思考和挖掘。写小短文是我很擅长的东西，再写下去能力上也只会有1%的差别。
谢谢两位老师的播客！",True,0.88270103931427,5,0
沈奕斐的播客 ,190.为什么每个人都该建立学术审美？如何培养阅读习惯？聊聊如何做研究,672f7ea62bf8582d44e98a17,1,07:21 是的，你喜欢我是我的魅力，我喜欢你是你的荣幸,True,0.8603789806365967,4,0
沈奕斐的播客 ,190.为什么每个人都该建立学术审美？如何培养阅读习惯？聊聊如何做研究,672edd128258669454f9ac12,1,19:35 我的天，这也要被审判，现在的这个环境真的太吓人了,False,0.9230760931968689,4,0
沈奕斐的播客 ,190.为什么每个人都该建立学术审美？如何培养阅读习惯？聊聊如何做研究,672ebd58d9bd23a077845e4d,1,44:58 先看大概 然后针对一些疑问进行提问 直到答不出来 然后拿着这些去尽可能的找到这个领域专业的人 向他们提问 不管有偿还是无偿,False,0.8456704616546631,4,0
沈奕斐的播客 ,190.为什么每个人都该建立学术审美？如何培养阅读习惯？聊聊如何做研究,672e32006793cdec0e7ee850,1,1:18:07 感兴趣，感兴趣，刚好开始了自由职业。感受很复杂，一方面确实头上没有10个爹不停的指指点点，另一方面，有了很多焦虑，也有一种被拴在电脑旁边的感觉，反而更不自由了，想听沈老师和商老师讲一讲。,True,0.9068369269371033,4,0
沈奕斐的播客 ,190.为什么每个人都该建立学术审美？如何培养阅读习惯？聊聊如何做研究,673352f5879fc26a66cd4340,1,23:03 哈哈哈哈好多问题都不想回答！（超大声,False,0.6895771026611328,3,0
沈奕斐的播客 ,189.年轻人需要怎样的情感教育？｜做客《海外路路通》,67248ab302f55b555bd473d9,1,这期我还没听，但是我现在开车都会听沈老师的播客，我是高中音乐老师，高中音乐课大家总是不爱听，但是跟他们聊天，他们就很愿意，所以我现在就是从沈老师这里获取一点知识，然后在聊天的时候给这些高中生传达一些，他们很爱听，关于爱情的，关于生活的，我也觉得他们除了上课，其实很需要接触一些这方面的知识，而且我觉得关于爱情，其实可以跟我的课程借结合起来，比如少数民族歌曲的功能等等，最近上课都变得有意思起来了，好爱沈老师！给我打开了一扇门！,True,0.9454250335693359,48,2
沈奕斐的播客 ,189.年轻人需要怎样的情感教育？｜做客《海外路路通》,67243a25a62a5f25cc3538b1,1,wow，没想到喜欢的沈老师还有Norah会出现在同一个节目讨论！！！,True,0.8465278148651123,33,2
沈奕斐的播客 ,189.年轻人需要怎样的情感教育？｜做客《海外路路通》,6726f4abce2b6c6c0056eccc,1,"做些笔记
1.沟通时讲一些“废话文学”，每天保持半小时以上，有利于关系的发展与维持
2.大学是最适合找婚恋对象的水池
3.拒绝“标签化”、过度寻找“确定性”，爱情的不确定性才是获得快乐、多巴胺的来源
4.性别因素在追求爱慕者的过程无差异（无统计学上的差异？），爱情是勇敢者的游戏，不分性别
5.国外与国内的文化差异：dating与暧昧期，一对多与一对一，暧昧期长≠不好的标签，这只是一种确定关系前的观察，拒绝标签化“舔狗、海王”
6.年轻人如今喜欢走捷径，如MBTI匹配，星座匹配，短视频经验学习（也能说明碎片化时代的弊端）
7.年轻人如今最大的问题是如何发展自己，处理与自己的关系，去找到真实的自己，“焦虑性人格、讨好型人格”，不要被此类标签绑架，爱人先爱己
8.海外留学的经历：年轻人要学会自己解决问题
9.找对象时需注意的，拒绝控制性人格、PUA等，真正的PUA不会被发现的
10.待续……",True,0.9040307402610779,32,0
沈奕斐的播客 ,189.年轻人需要怎样的情感教育？｜做客《海外路路通》,672457e63ed41148cbf707b0,1,27:19 这期这个男主持，表现一般,False,0.8165031671524048,37,6
沈奕斐的播客 ,189.年轻人需要怎样的情感教育？｜做客《海外路路通》,672675c83c04ff1d727d6474,1,我15岁就开始参加漫展和cos了，现在我35岁了，现在已经可以带上自己上小学的女儿一起去漫展一起cos了，都已经过了20年了，怎么还在争议这种话题，哈哈哈哈哈哈哈哈哈。以前叫徽章，现在叫吧唧。以前叫周边，现在叫谷子。以前叫果冻包，现在叫痛包。以前叫涩谷辣妹，现在叫千禧辣妹。从芭比娃娃，到BJD娃娃，到棉花娃娃。从水浒传卡到奥特曼卡，从美少女战士卡到小马宝莉卡。从小人书到漫画书到动画，不同年代的青春时期，所流行的东西其实都是雷同的。成年人在制定规则之前请先努力回想一下自己小时候在干嘛。哈哈哈哈哈哈哈。,True,0.9148625731468201,15,1
沈奕斐的播客 ,189.年轻人需要怎样的情感教育？｜做客《海外路路通》,672445bf6490ce2f91ffbc16,1,沈老师把要求学生读的书书单也给我们吧,True,0.939453125,15,0
沈奕斐的播客 ,189.年轻人需要怎样的情感教育？｜做客《海外路路通》,6724889cad7a55c4a142ae5e,1,53:00 男主持能不要接沈老师的话吗  影响听感,False,0.8612465858459473,12,1
沈奕斐的播客 ,189.年轻人需要怎样的情感教育？｜做客《海外路路通》,6724da801c7d31ae6b184745,1,声音好小，我耳机坏了吗？,False,0.8704833984375,7,0
沈奕斐的播客 ,189.年轻人需要怎样的情感教育？｜做客《海外路路通》,67244cca200cb9c9e705ee76,1,特别喜欢这期 近一年一直在dating和自我探寻中 处于探索关系模式的时期 还是会很迷茫 不清晰到底该怎么做 什么样是健康合适的方式 真的很需要一些过来人的经验以及对于这些行为的解读～,True,0.9512072205543518,11,0
沈奕斐的播客 ,189.年轻人需要怎样的情感教育？｜做客《海外路路通》,672ab90a7a48eb6c727d29f9,1,老师可以讲一下亲密关系里的信任吗，亲密关系需要何种信任，要怎么信任对方，希望听到老师对信任的解读，谢谢。,True,0.8502183556556702,5,0
沈奕斐的播客 ,189.年轻人需要怎样的情感教育？｜做客《海外路路通》,6725c3ce251a9b70f3c03bcd,1,1:12:20 痛苦的事情是无法代替快乐的事情的,True,0.5738120079040527,5,0
沈奕斐的播客 ,189.年轻人需要怎样的情感教育？｜做客《海外路路通》,6727925892f8b36edade8943,1,沈老师，期待您聊聊新一季《再见爱人》,True,0.9351564049720764,4,1
沈奕斐的播客 ,189.年轻人需要怎样的情感教育？｜做客《海外路路通》,672708d6ce72bbb99acd33fa,1,"1:26:27 不懂示弱是好是坏:winking_face:但知道在谁面前是“这个才是完整的我”:people_hugging:高能量永远夸赞着amazing 根据自己的特色，找到自己的点位and别太着急展示自己的羽毛

# 没有完全的理性，没有偏好就没有决策，每一个情绪背后都带有信息，主动权在你手上带着父母去成长
1. 防风险的逻辑要在前（交朋友的开始）
2.而幸福的逻辑是信任
3.传递信息/解决问题/怎么聊废话

:memo: 沟通时讲一些“废话文学”，每天保持半小时以上，有利于关系的发展与维持

:memo: 多跟自然跟真人交朋友

:memo:当你习得了一些概念，你觉得这些概念给你带来了一些优越感的时候，你就特别善于用这些概念去评判外物，在这过程中你固然获得了某种优越感获得了某种语言上的权利，但你却丧失了和他在一起时本真的快乐！将概念与生活接轨，打磨内化。",True,0.9007139205932617,4,0
沈奕斐的播客 ,189.年轻人需要怎样的情感教育？｜做客《海外路路通》,672856a83f4725711d04480f,1,49:51 盲猜是紫罗兰永恒花园,True,0.8734754920005798,3,1
沈奕斐的播客 ,189.年轻人需要怎样的情感教育？｜做客《海外路路通》,6725fb1a998fda5768e260d9,1,1:03:25 norah真是神仙爸妈啊:loudly_crying_face::loudly_crying_face::loudly_crying_face:,True,0.6139798760414124,3,0
沈奕斐的播客 ,189.年轻人需要怎样的情感教育？｜做客《海外路路通》,6731c9c2c2a658f7ca7d0036,1,最近和男朋友发生了激烈的争吵，然而，当我回过头去复盘这次争吵，我发现自 己竟然莲吵架的源头都说不清楚。我们到底是 为了什么而争吵？又该如何去解决？这些问题 像一团乱麻， 让我无法理清头绪。 我不禁开始思考，如果情侣之间没有共同的爱 好，日常也没有什么可以分享的话题，那我们 的交流是不是就会越来越少？这样下去，感情 会不会逐渐变得淡薄？到最后，我们会不会觉 得，有他没他，有我没我，都一个样了？我应该怎么办……,False,0.8908206820487976,2,1
沈奕斐的播客 ,189.年轻人需要怎样的情感教育？｜做客《海外路路通》,6725ba553ed7c65e4088dfd1,1,30:26  我觉得区分亲密关系中的关心和控制还是挺容易的。两者的根本区别就在于对方是否会尊重你当下的真正的需求。,False,0.8341379165649414,3,0
沈奕斐的播客 ,189.年轻人需要怎样的情感教育？｜做客《海外路路通》,6728172c7f7ffb0c4c4503b3,1,10:25 好家伙哈哈哈哈哈，商老师每期受伤KPI达成了,True,0.9193425178527832,2,0
沈奕斐的播客 ,189.年轻人需要怎样的情感教育？｜做客《海外路路通》,6725db730ffbb4a3300faed8,1,1:22:05 我听到我都有点想哭了,False,0.7999022006988525,2,0
沈奕斐的播客 ,189.年轻人需要怎样的情感教育？｜做客《海外路路通》,672498dbfa9d206d1ea6a350,1,1:03:49 其实也挺想听听沈老师对这个的看法的，最近也是看到不少说我父母说我工作不开心可以辞职，爸爸妈妈养你，然后觉得自己的父母给了自己很多爱。不过我个人觉得很多工作都有不开心的部分，我也不希望我的孩子在社会上工作一碰到不开心就辞职，我说不出没关系，妈妈养你，我可能还是会和孩子探讨不开心的部分是什么，我们如何和这个不开心相处或换一些路试试。我还是觉得没有什么特殊情况的话，人还是要有一份工作，当然如果走投无路实在养不活自己，我在我的能力范围下也会尽力给孩子提供帮助，但是我好像不能接受孩子就这样什么都不做了。当然这个话题一闪而过，可能这句话嘉宾们都没有细聊下去，所以也可能是我的一个误解。还有我个人比较悲观，觉得自己没那么大本事养活自己之外，再去负担一个孩子一生的开销。以上仅代表我个人看法，也是一些疑惑,True,0.7149792313575745,2,1
沈奕斐的播客 ,188.夫妻坦白局：因为对方好看而恋爱有问题吗？聊聊外貌的影响,671ae10d4ff312cdb40639f2,1,这期本来是想聊聊男女对“以色侍人”不同的态度和观点，虽然没有结论，但也许“态度”已经很明显表现出来了。哈哈哈，大家体会体会。,False,0.8203460574150085,24,1
沈奕斐的播客 ,188.夫妻坦白局：因为对方好看而恋爱有问题吗？聊聊外貌的影响,671af098e5175f53fb1ee7a2,1,商老师到底在描述什么...椰子型.....哈哈哈哈哈服了,True,0.6037954688072205,142,4
沈奕斐的播客 ,188.夫妻坦白局：因为对方好看而恋爱有问题吗？聊聊外貌的影响,671b020ec6da224c44dce06a,1,14:34 哈哈哈哈哈哈哈啊哈哈哈哈这一期笑点过于密集了，easy going笑劈叉了,True,0.8807634115219116,86,4
沈奕斐的播客 ,188.夫妻坦白局：因为对方好看而恋爱有问题吗？聊聊外貌的影响,671ae71b857a651773a09732,1,22:55 我要笑死，徐志胜躺枪,False,0.9225542545318604,57,5
沈奕斐的播客 ,188.夫妻坦白局：因为对方好看而恋爱有问题吗？聊聊外貌的影响,671ae2a5a8b6babedbf394f3,1,对于另一半的颜值，我不一定要求特别好看的，但是一定要在底线之上的，至少不能是觉得丑到接受不了的，那样无法产生爱情的化学反应。,False,0.5538846850395203,36,1
沈奕斐的播客 ,188.夫妻坦白局：因为对方好看而恋爱有问题吗？聊聊外貌的影响,671b0879af651d0849fd5f3a,1,35:46 哈哈哈哈哈哈哈哈哈哈哈这期笑点好密集 a片b片哈哈哈哈哈哈,False,0.8957350254058838,35,1
沈奕斐的播客 ,188.夫妻坦白局：因为对方好看而恋爱有问题吗？聊聊外貌的影响,671c5a474d63728228bb3931,1,"我的关于外貌的感受：
1. 从小就长得好看的女性要经受额外的很多诱惑，是把双刃剑。
2.你只要前面有个任何其他的长处，美貌就是在后面加个0，10变100，100变1000。但是如果你前面啥也没有，美貌带来的好处的就是0。3.相由心生可能有一点道理。总的来说，越过越顺的人多半会长得越来越好看。所以一开始没有特别美也没关系。",True,0.8595842719078064,33,1
沈奕斐的播客 ,188.夫妻坦白局：因为对方好看而恋爱有问题吗？聊聊外貌的影响,671ae7f6c1d85437979188be,1,对商老师年轻时的颜值产生了巨大好奇！,True,0.9458087086677551,22,7
沈奕斐的播客 ,188.夫妻坦白局：因为对方好看而恋爱有问题吗？聊聊外貌的影响,671af5314c9b3d83a7344b5f,1,10:43  笑死了，商老师这描述: 这外貌不错，眼睛像眼睛，鼻子是鼻子的 :face_with_tears_of_joy:,True,0.6837952136993408,26,0
沈奕斐的播客 ,188.夫妻坦白局：因为对方好看而恋爱有问题吗？聊聊外貌的影响,671af4a64b6553324de497e1,1,03:09 笑醒了哈哈哈哈哈哈哈哈商老师一本正经地ng,True,0.8634954690933228,22,1
沈奕斐的播客 ,188.夫妻坦白局：因为对方好看而恋爱有问题吗？聊聊外貌的影响,671ae5bac35972c0aac9dca7,1,之前看到再见爱人的宣发照，被沈老师惊艳到了，美过女明星啊,True,0.950626015663147,22,0
沈奕斐的播客 ,188.夫妻坦白局：因为对方好看而恋爱有问题吗？聊聊外貌的影响,671c40578e8b3da606fa5d54,1,这期说商老师松弛吧，他回答问题步步惊心。说他紧绷吧，他一言不合就开车:rolling_on_the_floor_laughing::rolling_on_the_floor_laughing::rolling_on_the_floor_laughing:商老师现在可是太变化多端神秘莫测了:rolling_on_the_floor_laughing::rolling_on_the_floor_laughing::rolling_on_the_floor_laughing:,False,0.5936293601989746,19,0
沈奕斐的播客 ,188.夫妻坦白局：因为对方好看而恋爱有问题吗？聊聊外貌的影响,671b3a64af651d08492294d4,1,真的就像沈老师说的，我姐姐初中就是长的很漂亮的那种学生，所以很多人追她，初中早恋辍学，早早生孩子了，但是我二姐长相就是一般般打七分，学生时期学习成绩很好，没有被什么东西分心诱惑，现在越来越漂亮了，她的那种漂亮是有气质，有知识有内涵的漂亮,True,0.8978258967399597,17,0
沈奕斐的播客 ,188.夫妻坦白局：因为对方好看而恋爱有问题吗？聊聊外貌的影响,671aeec7918d037c041a6ad3,1,22:43 今天是徐志胜受伤的世界哈哈哈哈,True,0.8838661909103394,17,0
沈奕斐的播客 ,188.夫妻坦白局：因为对方好看而恋爱有问题吗？聊聊外貌的影响,671c4fe62ae6e1f77b5ea17b,1,35:34 怎么回事啊哈哈哈哈哈哈哈哈哈哈 商老师每次一本正经地说话怎么就能踩到奇奇怪怪的点 A片这个词出来我也吓一跳 笑死,False,0.7791321277618408,13,0
沈奕斐的播客 ,188.夫妻坦白局：因为对方好看而恋爱有问题吗？聊聊外貌的影响,671ae4c481f52306c8df8a33,1,07:11 急死了，商老师说一句，好漂亮呀吧,True,0.8727192282676697,14,0
沈奕斐的播客 ,188.夫妻坦白局：因为对方好看而恋爱有问题吗？聊聊外貌的影响,671b3dff8f7d82fc4c1e76bd,1,09:14 商老师真是钢铁直男中的战斗机啊,True,0.9099881052970886,13,0
沈奕斐的播客 ,188.夫妻坦白局：因为对方好看而恋爱有问题吗？聊聊外貌的影响,671aeb3938cb889a19b107b7,1,06:28 商老师：有变化，一下变到我心里了,True,0.7412927150726318,13,0
沈奕斐的播客 ,188.夫妻坦白局：因为对方好看而恋爱有问题吗？聊聊外貌的影响,671c5a2d783d2a42682eabd2,1,22:44 喜欢沈老师的真诚，商老师要再放开一些，包袱太重哈哈，我们都不介意的，喜欢听到真实的个人想法，我们相信两位老师的人品和心理都是很积极善良的,True,0.9349067807197571,11,0
沈奕斐的播客 ,188.夫妻坦白局：因为对方好看而恋爱有问题吗？聊聊外貌的影响,671b44208449250c92aa05b2,1,04:52 哈哈哈哈哈跟商老师对话，还得是沈老师,True,0.8636787533760071,11,0
沈奕斐的播客 ,187.《精英的傲慢》：什么是真正的成功？优绩主义有什么问题？,6711ae0dcbbb6d4b02b82868,1,我的情感线下工作坊即将开启，如果你想脱单或者想要解决情感问题，可以联系：xiaoai_love2024,True,0.8422728180885315,10,1
沈奕斐的播客 ,187.《精英的傲慢》：什么是真正的成功？优绩主义有什么问题？,6711ab185d18c73eba3a6777,1,就聊你们俩喜欢的选题就行，不用理会那些留言。在网络上常见的一种情况是：喜欢你的一般保持沉默，会挑刺的喜欢留言。沉默的大多数其实是支持你们的。放心大胆的继续做你们自己吧。,True,0.86346036195755,213,10
沈奕斐的播客 ,187.《精英的傲慢》：什么是真正的成功？优绩主义有什么问题？,6711a93f264a03fb914f05a9,1,沈老师早，终于又在再见爱人看到你啦:beating_heart:嘿嘿,True,0.9470751285552979,65,1
沈奕斐的播客 ,187.《精英的傲慢》：什么是真正的成功？优绩主义有什么问题？,6711ba368e0cce2ccb09b946,1,中间有种看爸妈吵架的紧张感hhh,True,0.9368929862976074,62,2
沈奕斐的播客 ,187.《精英的傲慢》：什么是真正的成功？优绩主义有什么问题？,6711c30596a141e0c4a5ca80,1,麻烦众多网友，别再说三道四了，再说会失去一些很珍贵的声音。,False,0.7476884126663208,56,0
沈奕斐的播客 ,187.《精英的傲慢》：什么是真正的成功？优绩主义有什么问题？,671204834069d57691d95f5a,1,04:38 我喜欢听播客的原因：一是想减轻眼睛负担（少看视频）；二是当从自己感兴趣的播客里，能听到自己以前从未有过的思维方式，会很惊喜；三是播客风格与自己喜好相投，有些播客确实很火但是那种调性自己确实喜欢不来。以上三点沈老师和商老师的播客都符合，所以会继续听继续支持。,True,0.934087872505188,50,2
沈奕斐的播客 ,187.《精英的傲慢》：什么是真正的成功？优绩主义有什么问题？,6711af6a51e76787e94327c9,1,03:28 就想听听你们聊天说话，没有什么期望值。,False,0.9237251877784729,27,1
沈奕斐的播客 ,187.《精英的傲慢》：什么是真正的成功？优绩主义有什么问题？,6711d21a7b7687b6966d4a9e,1,"我接触播客不久，订阅了很多其实不感兴趣的内容的播客，本来是想以此扩展一下见闻，但是太正经晦涩专业性的，反而听不进去。
再加上年纪小，这种长辈间闲聊话事的，谈笑间展露另一个年龄段，及平时难以接触到的精英身份的人，对事物的看法，其实对我来说更有吸引力。偶尔有看法相同的，我会更开心，原来越过时间，纬度，和社会地位，也会和某个没有关联的人短暂的思想共通。
这对我来说是件幸福的事，因为这好像能说明，我悄然的被浸润着，某天某年，我也会成长为自己仰望的大人。",True,0.9159833788871765,24,1
沈奕斐的播客 ,187.《精英的傲慢》：什么是真正的成功？优绩主义有什么问题？,6711e07b6c2ed0b72b6d8cad,1,36:27 哈哈哈哈哈哈哈商老师重伤队友,True,0.6925471425056458,23,2
沈奕斐的播客 ,187.《精英的傲慢》：什么是真正的成功？优绩主义有什么问题？,6711b2e64340812caeabfdcc,1,这个世界上总有人喜欢抬杠，只要沈老师你们不要被影响，保持轻松愉悦的平常心，对我们这些喜欢听你们闲聊的人来说就是最好的治愈了！,True,0.9441704750061035,19,0
沈奕斐的播客 ,187.《精英的傲慢》：什么是真正的成功？优绩主义有什么问题？,671231ad025952dca13b46db,1,1:42:08 就我自己来说，真正意义的成功不在于赚多少钱，取得多少功成名就，而是找到内心所爱（passion and mission），并以自己喜欢的方式过完这一生。非常希望老师们能聊聊关于成功和幸福的话题！！希望能听到你们的见解和讨论！,True,0.9149726033210754,18,1
沈奕斐的播客 ,187.《精英的傲慢》：什么是真正的成功？优绩主义有什么问题？,6711e53e375d7244aa5b8853,1,1:04:49 就像所谓“蓝领就配不上高学历，92硕博却去门店手冲咖啡从事低端服务，以及前一段时间《抓娃娃》马继业高分怎么能选择体校”，真的很多社会“偏见”存在来限制我们的选择和可能性，仿佛这个世界被无形地贴上了三六九等高低贵贱，只有塔尖被鼓励和歌颂，必须朝着绝对的优绩和塔尖进发。任何背离的选择都被唏嘘。但怎么说呢，就挺限制人更多的可能性和想象力的。所以会有所谓“脱下孔乙己长衫”流行话语的出现。,False,0.8034683465957642,15,0
沈奕斐的播客 ,187.《精英的傲慢》：什么是真正的成功？优绩主义有什么问题？,6713e0f9c91feaa5fec1103e,1,1:18:21 “尤其是女性，其实你不是简单地改变你的认知，让自己怎么做，而是你要学会利用身边的资源体系，让你身边的资源体系形成你的支持体系，否则你单打独斗是非常非常累的。因为每一个人的成长和你身边的资源体系，和你所处的环境是密不可分的”,True,0.8679459095001221,11,0
沈奕斐的播客 ,187.《精英的傲慢》：什么是真正的成功？优绩主义有什么问题？,6711b59d8868a183f33003ec,1,1:00:39 沈老师着急了，教育精英的傲慢？昨天刚看了十三邀，桑德尔的采访。里面说到一个故事，桑德尔高中的时候跟里根辩论过，他从里根身上学到了聆听尊敬和亲和,True,0.7728965282440186,12,0
沈奕斐的播客 ,187.《精英的傲慢》：什么是真正的成功？优绩主义有什么问题？,6711d5d47e0c91b58af9069c,1,1:43:16 哈哈哈哈只有商老师一个人受伤的世界达成了哈哈哈哈哈哈,True,0.8382192254066467,11,0
沈奕斐的播客 ,187.《精英的傲慢》：什么是真正的成功？优绩主义有什么问题？,6711f8b98e0cce2ccb3709ea,1,1:03:01 我觉得还有一个问题是心智发育速度是不同的，有些人心智还没那么成熟，所以在高考阶段无论是学习还是专业选择都没那么好，到了25岁可能变成熟了，可惜那时候就很难再重回大学，不得不去上班了,True,0.6936001181602478,8,2
沈奕斐的播客 ,187.《精英的傲慢》：什么是真正的成功？优绩主义有什么问题？,67134017a826134ba26c750e,1,"04:48 不要太在意观听众，播客是个性表达，不需要取悦所有人。被误解是表达者的宿命，无论做什么总会有人讨厌你和你的观点，听众和和表达者是一个互相选择的，如果你随个别人的口味频繁去调整内容和表达方式，不仅你自己会感到不开心，也会真正丧失掉沉默的大多数真正的听众
表达者和听众是平等的，不需要带着教授啊高知的枷锁如履薄冰，你就是你自己


我很不同意抓娃娃那一期的观点，我并不觉得商业电影并不需一针见血地指出什么样的社会矛盾本质，更不需要教育世人，我没听完暗自说了声“什么玩意”，但不影响我后面去听你其他的内容。我也不会去骂你，反而更希望看到一些尖锐的想法和一个活生生的人。
至于有些对你的恶意评价该拉黑的就拉黑，你有权利不喜欢他们。

另外，我注意到你在过往很多期的节目前五分钟、十分钟，其实都在讨论播客的意义和被误解的委屈。可能没有必要，真正去误解你们的人是不听解释的。
而剩下的那些沉默的大多数是不介意这些的。


不管怎么说，做这件事情至少要让自己开心，其次才是听众，对吧",True,0.7368953824043274,7,0
沈奕斐的播客 ,187.《精英的傲慢》：什么是真正的成功？优绩主义有什么问题？,6712ffbc843cca99eb9a449b,1,1:06:30 认可沈老师的观点，社会对于世俗成功的定义太狭隘和单一了，金钱和社会地位。但大多数普通人这么看也没错,True,0.9122089743614197,6,0
沈奕斐的播客 ,187.《精英的傲慢》：什么是真正的成功？优绩主义有什么问题？,671e43b02abdc7d73c0b3df5,1,"26:12 对于绝望主妇里水电工这个点, 水电工在美国和中国其实收入差距挺大的 :face_with_tears_of_joy: 我觉得并不是”努力就会收获”, 而是这个人工很贵其实美国的水电工收入很高的, 加上美国人本身就觉得能修东西有动手能力的男人很man..",True,0.5574440956115723,5,0
沈奕斐的播客 ,187.《精英的傲慢》：什么是真正的成功？优绩主义有什么问题？,6711e5d1dff8cd03c313b6e5,1,36:00 哈哈哈哈哈哈 笑死,True,0.664361834526062,6,0
沈奕斐的播客 ,186.《姥姥的外孙》：中国家庭里的“劫富济贫”和自我牺牲,66f6114150e54729bece0f8e,1,25:18 当家庭里最弱势的是女儿时，会不会选择帮女儿那就得另说了,False,0.8190637826919556,91,6
沈奕斐的播客 ,186.《姥姥的外孙》：中国家庭里的“劫富济贫”和自我牺牲,66f6349d667e82fa2bf85063,1,1:26:32 “不许说我的bk不好”哈哈哈追星女孩具象化,True,0.8386516571044922,50,1
沈奕斐的播客 ,186.《姥姥的外孙》：中国家庭里的“劫富济贫”和自我牺牲,66f6060c667e82fa2bd59656,1,想听老师们聊聊《出走的决心》,True,0.9438251852989197,49,1
沈奕斐的播客 ,186.《姥姥的外孙》：中国家庭里的“劫富济贫”和自我牺牲,66f61db6c6e908fb9095719a,1,"想起李安的一个访谈，谈孝顺，「孝顺」是一个过时的观念。
当然跟中国人讲，几百年也讲不过去，这是一种根深蒂固的存在。
“与父母的关系，能够彼此相爱就够了，不必要制造一个阶级观念。
你一定要小的服从大的，但每个人都是一个个体，你都要尊重他，他的性取向、他的爱好，他的任何东西你都要尊重他、接受他，这是和平相处的一个基准。",True,0.8652860522270203,25,0
沈奕斐的播客 ,186.《姥姥的外孙》：中国家庭里的“劫富济贫”和自我牺牲,66f6458990305c61891f9784,1,03:30 沈老师太可爱了哈哈哈嗑bkpp,True,0.9185574054718018,21,0
沈奕斐的播客 ,186.《姥姥的外孙》：中国家庭里的“劫富济贫”和自我牺牲,66f6281190305c618908d052,1,沈老师那么爱商老师，商老师讲的话真的会伤害到沈老师。,True,0.6989685297012329,20,1
沈奕斐的播客 ,186.《姥姥的外孙》：中国家庭里的“劫富济贫”和自我牺牲,66f6a886d7019d9461b5b544,1,重男轻女不是父母分配唯一的标准，而是根本性的标准，其他标准都是在这个基础上叠加的。电影描绘的家庭和我的姥姥家有太多相似之处，虽然没有不争气的小儿子，但是有过的不好的女儿，姥姥姥爷虽然也会给女儿提供一些帮助，财产还是要留给儿子们，女儿们从小生活在这样的价值观里会自然地牺牲自己成全兄弟们。我的姥姥姥爷非常依赖女儿的照顾，也很信任女儿，儿子们之间才会产生争夺，所以电影里通过女儿把房产证给到儿子是非常正常的。,True,0.8800104260444641,18,1
沈奕斐的播客 ,186.《姥姥的外孙》：中国家庭里的“劫富济贫”和自我牺牲,66fa74d0243121916bfb7f7e,1,40:36 每次听到这种生女儿好，就会觉得自己被骂了，好生气....,False,0.8210574984550476,16,1
沈奕斐的播客 ,186.《姥姥的外孙》：中国家庭里的“劫富济贫”和自我牺牲,66f62684e3119842377d61ab,1,27:48 商老师的话，果然还是暴露了自私是男性的底色，怀疑女儿是为了图老人的房产。惊呆了啊…… 后面房产本都在女儿地方，居然还会怀疑…… 震惊震惊啊！,False,0.9194952249526978,23,4
沈奕斐的播客 ,186.《姥姥的外孙》：中国家庭里的“劫富济贫”和自我牺牲,66f639c64ea53d18c73bd2a9,1,45:49 太对了，也摸清了自己这个想法。当自己不再那么需要父母的遗产，那么给兄弟姐妹留多少钱，其实是想争“你们到底最爱谁”“你们果然还是偏心”等等的问题而已。,False,0.8841549754142761,12,0
沈奕斐的播客 ,186.《姥姥的外孙》：中国家庭里的“劫富济贫”和自我牺牲,66fb70a635de87274cfb8d9d,1,"40:54 确实生女儿很好，但是我说真的，女儿她去照顾老人真的是没有任何目的的，也不图所有的东西的，她是出自内心的。因为在现在这种社会下，女儿知道自己照顾老人，也不会得到任何的财产，因为财产都是分给儿子的。她真的是因为爱才去照顾老人的。是女人天生就会爱人的能力和她的细腻。
之前我总是不明白这种爱也低估这种爱。直到去年我姥爷去世，我妈妈难过的当时也想一起死掉。包括我姥爷留下的财产，也是我妈妈跟舅舅说钱在哪里，还有多少多少钱，让两个舅舅分了。但是两位老师这样的言论，说真的我感觉还有点难过，因为两位老师虽然都在表明要生女儿，但内容都是养儿防老，是她可以陪自己去看病任何任何，好像是带有目的性的去生女儿，虽然我知道两位老师的意思，可能辩驳一下现在重男轻女的观念，但这些话还是让我感觉很不舒服的。因为父母最初生育的目的和女儿无目的的付出，对比很强烈。（不过我知道，这也就像沈老师说的，最初的目的可能是这样的，但在过程中几乎全部是父母对孩子真挚的亲情）
然后 我也不倡导这种女儿没有任何目的的宣传，就像歌颂母职一样的道德绑架。为什么儿子可以不用付出什么就能得到那些东西，而女儿她只有牺牲，她永远是牺牲者？
（很尊重很喜欢沈奕斐老师~",True,0.6920242309570312,10,0
沈奕斐的播客 ,186.《姥姥的外孙》：中国家庭里的“劫富济贫”和自我牺牲,66f89f0d0890a7ac49b894a2,1,跟echo的评论里很多都能对应，大多就是重男轻女的，女儿是拿来养老的。沈老师和商老师还是太善良了。小儿子之所以活成那样，不靠谱，也不是无缘无故那样的。,False,0.7966213822364807,10,0
沈奕斐的播客 ,186.《姥姥的外孙》：中国家庭里的“劫富济贫”和自我牺牲,66f7a12078240931a197afc4,1,03:13 ！！！！！！！我惊呆了！！沈老师 bkpp 简直是我们的精神同龄人,True,0.6518086791038513,9,1
沈奕斐的播客 ,186.《姥姥的外孙》：中国家庭里的“劫富济贫”和自我牺牲,66f8a8982d7ebcbf36e73394,1,42:52 实际上父母对小孩一样好，孩子团结啥事都好办。是亚洲父母非要重男轻女还要指望女儿奉献到头来啥都是儿子的。这也就是上一代惯着这种，新生代谁当这冤种。,False,0.8571945428848267,8,0
沈奕斐的播客 ,186.《姥姥的外孙》：中国家庭里的“劫富济贫”和自我牺牲,66f9340753bc8a8d11ffbc36,1,24:36 21:52 我去 醍醐灌顶 恍然大悟 感谢沈奕斐老师 “不要把性别扩大化为唯一的解释维度”,True,0.9264053702354431,7,0
沈奕斐的播客 ,186.《姥姥的外孙》：中国家庭里的“劫富济贫”和自我牺牲,66fa269c156580884ac6275e,1,41:22 最喜欢的社会学者霍克希尔德，伊娃伊露莎，泽丽泽奇,True,0.934554398059845,6,1
沈奕斐的播客 ,186.《姥姥的外孙》：中国家庭里的“劫富济贫”和自我牺牲,66f639b22fcfdccbc1344cdb,1,突然想到，刻板印象里好像姥姥才会聚焦家庭，而会有老年男性会给保姆最终的遗产，当有人在质疑是否是儿子混的不好才去帮扶的，那我在想，是不是只有女性在更多充当拉进维系家庭的纽带，还挺值得深思的，其实最可怜的是姥姥，奉献一辈子，临终还在为孩子担忧,False,0.7967261672019958,8,0
沈奕斐的播客 ,186.《姥姥的外孙》：中国家庭里的“劫富济贫”和自我牺牲,66f6b28067d0f4145eca5928,1,26:49 但是如果是嫁人了的女儿是那个最弱的人，父母真的还会帮助她吗？我常常幻想如果我结婚了婚姻不幸福，要离婚，我也不一定能回到娘家住，家里这么大的房子，从来都没有真正属于我的一份,False,0.5172255039215088,11,1
沈奕斐的播客 ,186.《姥姥的外孙》：中国家庭里的“劫富济贫”和自我牺牲,670215434f7ae0a803f5aa32,1,40:42 忍不住想问一下大家，每次听到沈老师的话题被商老师打断，大家听感会不会很难受。虽然沈老师都会转回上个话题，可是听起来很不顺畅不是很舒服。,False,0.8569836616516113,4,4
沈奕斐的播客 ,186.《姥姥的外孙》：中国家庭里的“劫富济贫”和自我牺牲,66f671d9e824d988d71ae711,1,34:29 哈哈哈哈，日记本上写商老师：长相一般，性格尚可，条件普通，未来赚钱能力超强普拉斯，名字后面加上一个大红色的Win:face_with_tears_of_joy:,False,0.8429811000823975,7,0
沈奕斐的播客 ,185.电影《荒野机器人》：如何与原生家庭和解？什么样的父母才算是好的“原生家庭”？,66f21c10a6366e9fab2574e9,1,受我儿子的影响，这几年我比较关注动画片，我真的觉得动画片不是只给孩子看的，很多时候，它的表达可以更丰富。大家观影的时候可以留意一下这部电影的动画和音乐，我觉得是很牛的，至少我很喜欢啊。,True,0.947953462600708,18,2
沈奕斐的播客 ,185.电影《荒野机器人》：如何与原生家庭和解？什么样的父母才算是好的“原生家庭”？,66ecdec40b3078f8a23448f1,1,爱不是希望对方“如你所愿”，而是“如你所是”。:thumbs_up:,False,0.8748095035552979,47,0
沈奕斐的播客 ,185.电影《荒野机器人》：如何与原生家庭和解？什么样的父母才算是好的“原生家庭”？,66ed10fc1a63c2a6dd310b00,1,59:19 哈哈哈哈哈哈笑死我了，沈老师一整个大震惊。你也太老土了吧？？哈哈哈哈哈哈哈哈哈哈哈哈哈哈,False,0.8076815605163574,18,1
沈奕斐的播客 ,185.电影《荒野机器人》：如何与原生家庭和解？什么样的父母才算是好的“原生家庭”？,66f0ebf78781c0fd23a93d96,1,"在一个不上班的上午听完了整个播客。我还没看过这部电影，打算自己和爸爸妈妈有空的话一起去看一看。那么，在没看电影之前听播客，产生了一些共鸣和感悟:
共鸣:
1.我有一个会很好的照顾我，为我做很多事情，但是一回到家就抱怨指责我懒，啥也不会的妈，确实感觉她的行为很破坏我们之间的爱，也会让我感到自己的价值是低的
2.倾听孩子在家庭中起很重要的作用。我初中的时候，妈妈经常边洗衣服边倾听我诉说学校的各种青春期的烦恼。因此，初中是我成长至今最幸福的时光
感悟:
1.不带情绪的去学习是最高效的适应环境的方式。是的，自己因为没有自信和价值感低，经常一碰见困难和挑战就焦虑畏难，击退我的首先就是这些情绪，如果可以更好地去控制自己的恐惧和焦虑，我应该能向前一步
2.家里可以有有条件的爱，学校当中也必然存在有条件的正反馈，这些有条件的爱也是有一定好处的，可以让人不断地做成一些事情，增长自信。当然哈，也一定需要在某些地方存在无条件的爱(如果你的身边没有，那请你给你自己。)
3.爱不是如我所愿，而是如你所是。爱是一种行动，一种帮助对方越来越好的行动。我们谈恋爱爱一个人的时候，我们总是希望对方符合我们对于恋爱的一些想象，那或许不是真正的爱，只是一种把对方工具化的自私情感。如果对方对我们也有这样的期待，ta也是一个自私的人，不是是不爱，就是不会爱。除了恋爱，亲情，友情亦如是。
4.学习进步，不仅仅是自己不停地去试错，更重要的是，要有正确的方法去引导，只有正确的方法才会将人引向正途。我高中有一段时间成绩进入瓶颈期，我一个人闷头不停地尝试各种方法，无果，绝望，习得性无助，不停地怀疑自己——为什么别人(和曾经的我一样名列前茅的朋友们）都可以找到正确的方法，我却不行，是不是我太笨了。现在回想起来也是一段很黑暗的时期啊!后来，我不在自我封闭，问各科老师学习方法，找学霸朋友聊天，不停地在网上看其他人分享的学习方法，甚至寒假花钱请资深的化学老师补了化学。最终高考比自己平常分数多了五六十分。因此，借助身边可以获得的资源，去找寻正确的方法，比自己一个人闷头试错要快得多，是更有效率的事情!
(ps:我现在是一名华东交通大学翻译(英语）专业毕业的24应届生，有专四证书，专八裸考58分，差两分合格，下一年还有一次考试机会，有高中英语教师资格证，想做高中英语老师或者干笔译，大家有什么工作机会推荐或者建议，欢迎底下留言:winking_face_with_tongue:)
如果我之后看了这部电影，我也会继续在这里留言，和大家分享我的观影体验滴～",True,0.878612756729126,15,1
沈奕斐的播客 ,185.电影《荒野机器人》：如何与原生家庭和解？什么样的父母才算是好的“原生家庭”？,66f0e26d084786a0e0a51730,1,:face_holding_back_tears:我很喜欢萝斯，但是整部片子我更喜欢芬克！它真的有很大变化！它开始接受自己也需要别人爱的事实。,True,0.9313059449195862,8,1
沈奕斐的播客 ,185.电影《荒野机器人》：如何与原生家庭和解？什么样的父母才算是好的“原生家庭”？,66ed1bae4653f367f317f879,1,"我也希望有理解我的爸爸妈妈，
可是他们从来不听我想说什么
真的好累",False,0.5314300656318665,5,3
沈奕斐的播客 ,185.电影《荒野机器人》：如何与原生家庭和解？什么样的父母才算是好的“原生家庭”？,66f0df02d31390cfe877b783,1,1:07:51 哇我第一次看到有人说出来 追星是亲密关系 真的 沈老师太准了 我自己就是有一段好几年的 非常不健康的追星 自己经历过才知道 追星就是一种亲密关系 如果方式健康 是对自己的滋养 方式不健康 对自己是消耗和毁灭,False,0.9324859380722046,3,0
沈奕斐的播客 ,185.电影《荒野机器人》：如何与原生家庭和解？什么样的父母才算是好的“原生家庭”？,6701f816ca90a76dcd51d5ab,1,1:03:24 孩子不一定会成为你期待的样子，但一定会成为你的样子,True,0.8937163949012756,2,0
沈奕斐的播客 ,185.电影《荒野机器人》：如何与原生家庭和解？什么样的父母才算是好的“原生家庭”？,66f8d89d24a37a0c7f58549b,1,看荒野机器人看的很心情很怪，怎么连机器人都要变得有母性,False,0.9151970148086548,2,0
沈奕斐的播客 ,185.电影《荒野机器人》：如何与原生家庭和解？什么样的父母才算是好的“原生家庭”？,66f20df25174987490addd98,1,41:51 商老师“不认为坏人会变成好人，但能在一定条件下做好事”,False,0.7617908120155334,2,0
沈奕斐的播客 ,185.电影《荒野机器人》：如何与原生家庭和解？什么样的父母才算是好的“原生家庭”？,66f0f492a7d86f08c437b605,1,刚开始听了沈老师和商老师博客一小会儿，上个周日就决定去电影院观看，对我自身最大感受就是让我放的开，有时进入新环境我总是把自己蜷缩起来，其实这样很不好。看完电影后，在公交车上继续听两位老师的博客，觉得你们从影片中获得的角度都是我没想过的，或者有感觉但是不知用啥语音组织，真得非常感谢两位老师:smiling_face_with_heart-eyes:(✪▽✪),True,0.9486560821533203,2,0
沈奕斐的播客 ,185.电影《荒野机器人》：如何与原生家庭和解？什么样的父母才算是好的“原生家庭”？,66ef8881cc7492a66371fffa,1,1:00:56 沈老师说父母是可以犯错的。这样就不必太紧张太焦虑,,0.9198304414749146,2,0
沈奕斐的播客 ,185.电影《荒野机器人》：如何与原生家庭和解？什么样的父母才算是好的“原生家庭”？,66ef78d47671ac667d45b449,1,下午约相亲对象去看,True,0.6029810309410095,2,0
沈奕斐的播客 ,185.电影《荒野机器人》：如何与原生家庭和解？什么样的父母才算是好的“原生家庭”？,66eeac525da90de4cd83fc36,1,08:05 是的，直到影片的最后他们经历了很多故事，才听到感人的“我爱你”三个字！,True,0.9110264778137207,2,0
沈奕斐的播客 ,185.电影《荒野机器人》：如何与原生家庭和解？什么样的父母才算是好的“原生家庭”？,66f216b402de65cd2c139927,1,1:03:56 人不是“天生善良”，是需要教育的,False,0.6525009274482727,1,1
沈奕斐的播客 ,185.电影《荒野机器人》：如何与原生家庭和解？什么样的父母才算是好的“原生家庭”？,66ed6da005393673a07cb9a7,1,欠了女儿一场电影，明天带去看看。沈老师和商老师是电影推广大使呀！,True,0.9355619549751282,2,1
沈奕斐的播客 ,185.电影《荒野机器人》：如何与原生家庭和解？什么样的父母才算是好的“原生家庭”？,66f20b91528154b0280f983d,1,父母总担心孩子受伤害，所以千防万防。也怕孩子走弯路，所以凭借自己一辈子的人生经验去插手孩子的人生选择。曾经我也很反感父母这点，但是当我有了侄子侄女后，我也很焦虑很担心，想要把自己的人生经验都教给他们，让他们少走弯路。现在明白了一切都是因为“担心”。所以现在我在学着放手，把他们当朋友，因为侄子侄女也有自己的想法、性格、兴趣爱好和人生经历，我不能将我的想法强加于他们。而是把他们当朋友，倾听他们的想法、他们求助时才帮忙、受挫时开导/鼓励他们，帮助他们实现自己的目标,True,0.9144125580787659,0,2
沈奕斐的播客 ,185.电影《荒野机器人》：如何与原生家庭和解？什么样的父母才算是好的“原生家庭”？,66f58bf89b971774510b11ad,1,刚看完荒野机器人回家，播客是去之前听了一遍，现在又听一遍。能理解为什么沈老师认为rose棒了，可以迅速从受挫中恢复过来，学习能力强，懂得倾听小布点的情绪和需求，自己不会就去找帮手，强大的情绪管理能力让事情变得非常高效，迅速适应环境，幽默，最重要的是心底善良。,True,0.9456400275230408,1,0
沈奕斐的播客 ,185.电影《荒野机器人》：如何与原生家庭和解？什么样的父母才算是好的“原生家庭”？,66f56e3af169bab5b54c5609,1,看电影的时候，螺丝跑着让大雁飞走那一幕哭的稀里哗啦的,True,0.9356524348258972,1,0
沈奕斐的播客 ,185.电影《荒野机器人》：如何与原生家庭和解？什么样的父母才算是好的“原生家庭”？,66f20897a5ed80250c9f13b8,1,31:48 反感亲近的人对自己的否定，原来是因为“我爱你，所以我希望我对你是有价值的，而对方的否定则让自己觉得自己对对方没有价值”,False,0.6610122919082642,1,0
沈奕斐的播客 ,184.飞机厕所教育孩子：伸张正义？违法！厌童文化有多可怕？,66da55ad1ad01844d08dc1f3,1,我的“悦纳自己，成就孩子”家庭教育线下工作坊，即将开启，想要了解我的线下工作坊，可以联系：xiaoai_love2024,True,0.9067114591598511,11,1
沈奕斐的播客 ,184.飞机厕所教育孩子：伸张正义？违法！厌童文化有多可怕？,66da6960a2f1346cc4c7da91,1,"由衷地感慨，沈老师商老师的发声，让我真正明白了什么样的人能被称为公知。
将我们生活中的事情结合专业知识理性分析，不被别人的评价所影响，真正能带来新视野、帮需要的人发声",True,0.9464719891548157,122,2
沈奕斐的播客 ,184.飞机厕所教育孩子：伸张正义？违法！厌童文化有多可怕？,66da6179cd37bf4b183acdc8,1,我在飞机上，火车上，地铁上任何公众场合都见过成人比小孩子更讨厌，更吵闹的行为，比耳机外放，比如大声聊天，可是对于一个孩子，社会却如此苛责~,False,0.8745083808898926,78,2
沈奕斐的播客 ,184.飞机厕所教育孩子：伸张正义？违法！厌童文化有多可怕？,66da6e4b7801ebd2ef172136,1,感觉现在整个社会厌童还有厌孕情绪很严重，有些人号称女权主义，直呼结婚的女性为婚lv，看到带小孩的女性就自动带上滤镜，我觉得很搞笑:zany_face:女性主义的初衷难道不是追求平权吗？这种行为和恐弱慕强有啥区别…不过是向更弱者出手罢了。,False,0.9091256856918335,100,3
沈奕斐的播客 ,184.飞机厕所教育孩子：伸张正义？违法！厌童文化有多可怕？,66daf3cc0547505c81f8ff28,1,其实这种情况是少数，现在的人讨厌的是“小孩吵闹，而大人又不作为”,False,0.5615673661231995,47,3
沈奕斐的播客 ,184.飞机厕所教育孩子：伸张正义？违法！厌童文化有多可怕？,66dbaf4c6fd1fe71e5bb51d9,1,不认同，我有一次坐高铁前座3岁左右的小孩子不仅闹腾，蹬挨着的乘客，还把零食，玩具往前后座位上的人身上乱丢，妈妈除了说了一句抱歉，也没怎么管，孩子就一直闹腾到下车。一车厢的人虽然没人说啥，但明显都很反感，邻座的人直接到过道站着了。别跟我说什么这是孩子的天性，遇上你就知道了。不制止已经是最大的理解了，还让人不反感，这就对吗？,False,0.9451115727424622,38,6
沈奕斐的播客 ,184.飞机厕所教育孩子：伸张正义？违法！厌童文化有多可怕？,66da5595df83e30faf0f4a14,1,如果换做我们自己呢，如果没有良好的自控力或者是家庭教育，小时候被陌生人立规矩，会不会留下一辈子的心理阴影。,False,0.7554413676261902,35,3
沈奕斐的播客 ,184.飞机厕所教育孩子：伸张正义？违法！厌童文化有多可怕？,66dc22ef19a49eadbf227cf4,1,52:50 “泰森原则”是指在公共场合，如果同样的麻烦不是一个小孩子搞出来的，而是由拳击冠军泰森搞出来的，你是否还会忍受。如果一个光头、有纹身、肌肉发达、曾坐过牢、脾气暴躁，且一拳就能让人丧命的巨汉搞出了同样的乱子，你选择容忍，那么换成小孩子，你也应该做同样的决定。如果这个问题即使是泰森也会让你无法忍受，那么你可以提出抗议。这个“泰森原则”本质上是在讲一个人是否持有公正公义、不持有双重标准的道德观。如果一个人在公共场合对待泰森和小孩子持有不同的标准，那么他的抗议就不符合道德规范。因此，我们需要始终坚持公正和平等的原则，对待所有人都应该是一视同仁的，不应该根据对方的身份、背景、地位等来进行评判和对待。只有这样，才能建立起一个公正、和谐的社会环境。,False,0.7731505632400513,28,3
沈奕斐的播客 ,184.飞机厕所教育孩子：伸张正义？违法！厌童文化有多可怕？,66da4857a58a5ffb004a7356,1,这个破新闻，看到“女孩”、“奶奶”这两个关键词，就恶心得厉害，一秒也不想看下去。,False,0.9502566456794739,21,4
沈奕斐的播客 ,184.飞机厕所教育孩子：伸张正义？违法！厌童文化有多可怕？,66da77ea0547505c819cdcb5,1,11:31 对小孩子关禁闭，对一个一岁的小孩子实行强制行为，真的很恶心,False,0.9488200545310974,22,0
沈奕斐的播客 ,184.飞机厕所教育孩子：伸张正义？违法！厌童文化有多可怕？,66dbecaf8ead46fce7f435cf,1,1:07:04 记得 他乡的童年纪录片 芬兰的那一集里，采访者采访了一位从香港移民去芬兰的妈妈，她们就提到在香港育儿压力是非常大的，特别是在公共场合非常怕打扰影响到别人，但是到了芬兰就不一样了，妈妈就是最大的，很多设施也是方便妈妈而设，所有人对妈妈婴儿也很宽容。不是他们的孩子更乖，而是整个社会从各个方面提供了更多帮助并且更宽容。年轻的时候我也会烦熊孩子，但是后来身边人都有了孩子我才了解到小孩的不可控性，可能我们的社会就是缺乏这方面的教育吧,True,0.8881600499153137,16,1
沈奕斐的播客 ,184.飞机厕所教育孩子：伸张正义？违法！厌童文化有多可怕？,66dabc1f6f61f8d305a40709,1,婴幼儿是弱势群体，跟女性、老人、残疾人所处的社会地位相同。一个包容健康的社会就是要强者去帮助弱者，这样等自己是弱者的时候才会得到包容。更何况每个人都当过孩子，自己孩子时候的行为又是如何，自己有没有被宽容、被帮助过？年轻人觉得自己承受的多，是因为自己是年轻人，每个身份、每个阶段的人都有自己的不容易。不能因为自己是社会主流强势的一方，就扩大发声，强迫弱者违背自己生理属性去按照强者的规则行事，这样的社会，相当于每个厌童的年轻人在老年失能的时候也因为无法自理，而遭到社会的唾弃和折磨。,True,0.8236496448516846,15,3
沈奕斐的播客 ,184.飞机厕所教育孩子：伸张正义？违法！厌童文化有多可怕？,66dd4ca5efeb2ba2022000e9,1,"1:00:02 听到这里确实不太认可，发表一下自己的想法：
1.对于选择不生小孩的人来说，老了需要帮助的时候也是别人家的小孩来帮助。这个说法就很不能接受，那他总是给了钱或者什么交换了这个服务吧，也没什么不可呀。有人选择不生，总有人选择生，怎么就不生=没有社会责任感了呢？难道生育、繁衍才是人类社会责任感的表现吗？
2.对于这个事件的看法：认可沈老师说的太小的孩子还无法管理自己，成年人应该多包容一些，其实我觉得大部分人也是这样的。绝大部分人不能忍受的是家长的不作为吧，生又不教育。",False,0.5490655899047852,14,2
沈奕斐的播客 ,184.飞机厕所教育孩子：伸张正义？违法！厌童文化有多可怕？,66da723f86ba746769d887a9,1,小孩儿哇哇乱叫在高铁上，在大厅里，在任何公共场合，叫了半天父母不管，我真的会烦。。。,False,0.9378662705421448,25,0
沈奕斐的播客 ,184.飞机厕所教育孩子：伸张正义？违法！厌童文化有多可怕？,66dbd7f16f61f8d305687465,1,“成年人有克制能力”不该是他们需要“无限容忍别人家孩子本能需求”的理由，这也是一种道德绑架啊,False,0.7062363624572754,14,0
沈奕斐的播客 ,184.飞机厕所教育孩子：伸张正义？违法！厌童文化有多可怕？,66da6e0360a62774e5411b8d,1,03:11   太难了，沈老师每期开头都要解释一遍:face_with_tears_of_joy::face_with_tears_of_joy:,True,0.8846156001091003,13,0
沈奕斐的播客 ,184.飞机厕所教育孩子：伸张正义？违法！厌童文化有多可怕？,66da99eb00720c8ce4c009b3,1,09:04 有句话说，三岁孩子之前有哭和笑的自由，但是现在很多年轻人不婚不育所以很厌恶童,True,0.5972027778625488,10,3
沈奕斐的播客 ,184.飞机厕所教育孩子：伸张正义？违法！厌童文化有多可怕？,66daa284a58a5ffb008cc4bd,1,1:04:38 对，不然以后老人孩子在公共场合有困难，所有人都可以随意把他们“关起来教育”。人贩子随意就扮成“正义阿姨”把孩子“关起来教育”。可怕,False,0.9328364133834839,10,0
沈奕斐的播客 ,184.飞机厕所教育孩子：伸张正义？违法！厌童文化有多可怕？,66da5b73a98fb1b6c64c4faa,1,54:27 笑鼠了，商老师用平静的语气说出了疯狂的话哈哈哈哈哈哈,True,0.9187389016151428,9,1
沈奕斐的播客 ,184.飞机厕所教育孩子：伸张正义？违法！厌童文化有多可怕？,66dcff57cd37bf4b180cf427,1,02:59 关于两位老师在聊天途中，沈老师经常发出【嗯】引起部分网友所谓的不适，想为沈老师说几句。本人是做语言研究的，在语言学里面有一个专业名词叫「filler」，中文称其为填充词。研究表明因为有填充词的存在，会使得谈话顺利进行下去，可以说是起到了“润滑剂”的作用。换言之，大家也可以想象一下如果你在说话的时候，听你讲话的人一直给你回应，你会不会感到被倾听？（没有这种体验的朋友可以有意识的去观察一下哦）所以，在我看来我不仅不会觉得这个【嗯】刺耳，反而会觉得沈老师是一个非常善于倾听的人。（笑） ps：这也符合老师一直分享的喜恶同因观点（笑）,True,0.8933482766151428,8,0
沈奕斐的播客 ,183.网贷越陷越深如何解脱？要不要借亲戚朋友钱？,66d12393f8bdadcd513d0b1f,1,我的“悦纳自己，成就孩子”家庭教育线下工作坊，即将开启，想要了解我的线下工作坊，可以联系：xiaoai_love2024,,0.9067114591598511,7,0
沈奕斐的播客 ,183.网贷越陷越深如何解脱？要不要借亲戚朋友钱？,66d13097ec5f598b429bd875,1,大学的时候用花呗买了一个相机，之后的日子都不敢和父母多要生活费怕被发现，想了各种办法一天只花10块钱，最后去做收银员还完的。从此再也不敢提前消费了 怕了 :crying_face:,,0.8455281853675842,37,1
沈奕斐的播客 ,183.网贷越陷越深如何解脱？要不要借亲戚朋友钱？,66d15175feecce455d49bed8,1,1:04:42 我家就是那个极端个案:loudly_crying_face:妈妈赌博，爸爸生意失败，我和我姐姐弟弟为了给他们还债硬生生快成失信人了，我们几个孩子都是普通人能力有限，十几年了负债越来越多，有时候我真想离开这个家:loudly_crying_face:,,0.9289538264274597,25,5
沈奕斐的播客 ,183.网贷越陷越深如何解脱？要不要借亲戚朋友钱？,66d1fcf73c3263058782b7c4,1,作为年轻人能够在互联网上听到父母角度的发言其实也并不容易，跟父母的情感交流比较少，青春期时候总是认为自己的原生家庭差父母不爱自己，现在想想父母也只是不擅长直白的表达，从小到大虽然家里经济条件不是一流的，父母却也总是在尽力在我面前撑起一把伞。现在长大了走出了父母撑着的伞，发现挣钱并不容易，获得尊重也并不容易，自己青春期的叛逆和别扭想起来就是自私的索取，因为从来没有站到父母的角度考虑过，现在意识到之后为自己的自私的想法感到很羞愧。,,0.9052274823188782,17,1
沈奕斐的播客 ,183.网贷越陷越深如何解脱？要不要借亲戚朋友钱？,66d13ac154ff549430011613,1,41:08 还有个特别流行的屁话：20岁想去的地方40岁再去就没有意义了。,,0.7704559564590454,25,2
沈奕斐的播客 ,183.网贷越陷越深如何解脱？要不要借亲戚朋友钱？,66d2af270d4c15a3a1a53dd1,1,"1:12:28 这期有很多想说的 我是二十多岁的时候每个月收入稳定但是月光 有一次在英孚报课 一万多 掏不出来 那边的老师说可以用借呗支付再分期还  那个时候不知道什么是小额贷 不知道市面利息是多少 也不知道这个会上征信 就只是看每个月还款没压力
 用钱又很方便 不用跟家里或者朋友开口借钱 就这么开始了 之后有大概四年时间都是每个月拿了工资就是还分期  也更加没有存款意识 顶峰时期有三家网贷循环 普通家庭 不敢跟家里说 怕挨骂 怕父母失望
直到疫情失业 终于还款失衡 三家都爆雷 我每天心口都压着石头  担心被起诉成为失信人 觉得这样拖下去我就完了 于是向一个关系近的堂哥求助 好在我全部金额加起来只有五万左右  哥哥一方面是信任我没有赌博违法之类的行为 另一方面大概是从小一起长大的情谊（我猜） 他帮我一次性还清了 同时骂了我一顿 警告我再发生一次就要自己承担后果   还清之后我把所有的超前消费账户都关了 一直到现在 没有再用过 正在存钱 以后也不会再用了",,0.9143450260162354,12,2
沈奕斐的播客 ,183.网贷越陷越深如何解脱？要不要借亲戚朋友钱？,66d11de6584696c53e9f6192,1,哭了，最近就在发愁超前消费，每天都在哭 ，就听到了这期！！！,,0.9322597980499268,10,3
沈奕斐的播客 ,183.网贷越陷越深如何解脱？要不要借亲戚朋友钱？,66d472b1a01d1c35e4f663cf,1,1:16:23 自己是第一责任人，这一点是关键，自己没有承担这件事的后果，父母托底了，大概率下次还会重蹈覆辙……,,0.9370649456977844,11,0
沈奕斐的播客 ,183.网贷越陷越深如何解脱？要不要借亲戚朋友钱？,66d1dadb9cef1c0eac80b8bd,1,36:08 贷款机构会引导你分期还款，或还最低还款额。养成用户这样的还款习惯。让利息滚起来，如果都是立借立还，对机构收益是低的。,,0.7196190357208252,11,0
沈奕斐的播客 ,183.网贷越陷越深如何解脱？要不要借亲戚朋友钱？,66d3fc8ae83189da4d86e8c2,1,身为一个经常被朋友借钱去还网贷的人，我真诚的建议啊！陷入这个困境的朋友们，在金额还可控的情况下，马上！立刻！跟家里坦白，一次性全部还完。我身边的人，从来就没有人真的靠自己还完过！！金额越来越大直到最后兜不住。再次劝告不要碰网贷，不要提前消费，挣不到的钱不要花！！,,0.8996471762657166,7,1
沈奕斐的播客 ,183.网贷越陷越深如何解脱？要不要借亲戚朋友钱？,66d28af81b77fc44e875c943,1,26:56 互联网公司的尽头是放贷。这话真是越来越深有体会了，我点个外卖它都一直在问我要不要借钱,,0.9252097010612488,8,0
沈奕斐的播客 ,183.网贷越陷越深如何解脱？要不要借亲戚朋友钱？,66d13fb493e76b2eba6cb031,1,B站每天都看戒社的视频，网赌网贷家破人亡各种血淋淋的事实,,0.8413701057434082,8,1
沈奕斐的播客 ,183.网贷越陷越深如何解脱？要不要借亲戚朋友钱？,66d135b07b9e9f8768e9bc04,1,欠款了为什么不能自己做饭？我今天早上来不及做饭，等下回去还要做午餐。欠款就是要从各个方面省钱啊,,0.8956800699234009,8,0
沈奕斐的播客 ,183.网贷越陷越深如何解脱？要不要借亲戚朋友钱？,66d173711166425a4afa87e1,1,不排除现在有那种骗人的机构，借着招聘的名义忽悠你报培训班，我之前就是明明在找工作，莫名其妙就报了个班，还莫名其妙就贷了款，社会经验不足，没搞清楚状况，也不敢给家里说，就说没找到工作，硬是从父母给的生活费里往出省，后面找到工作后挣得也不多，硬是往出省，生活的非常艰难，太可怕了。,,0.9234541058540344,6,1
沈奕斐的播客 ,183.网贷越陷越深如何解脱？要不要借亲戚朋友钱？,66d1ba3080a34a3f82525db8,1,其实我对节目最后两位老师，开始纯粹站在长辈和父母角度的观点有些失望，虽然作为家长，二位的观点的宽容度或许处于二维年龄段的人的平均水平，但是我并没有看到二位老师除了这个视角外的其他社会视角，比如从年轻人为何表现出无所谓、为何知道自己的父母努力还钱而自己依然无法改变自己的消费习惯，只是单纯的恶吗？缺乏人文关怀以及调研的评论可能会沦为纯粹发泄与批判。,,0.5710332989692688,3,4
沈奕斐的播客 ,183.网贷越陷越深如何解脱？要不要借亲戚朋友钱？,66d310887a69bb0370c7ace7,1,看一看up主戒社，能学到很多东西，最重要的就是控制消费欲望，拒绝消费主义,,0.9471352100372314,5,0
沈奕斐的播客 ,183.网贷越陷越深如何解脱？要不要借亲戚朋友钱？,66d30817cb32ec94d5972b83,1,如果能和戒戒联动就好了,,0.7536551356315613,5,0
沈奕斐的播客 ,183.网贷越陷越深如何解脱？要不要借亲戚朋友钱？,66d1397706354f081236fc72,1,是的，父母就是最后拖底。万不得已和父母说了欠款，我妈和我说可以借给我，但必须每个月还款。我同意了，还了一年终于全部还完。现在我都强制打款给父母存钱。,,0.755720317363739,6,0
沈奕斐的播客 ,183.网贷越陷越深如何解脱？要不要借亲戚朋友钱？,66d12fc504e4fd342405eb38,1,用钱习惯真的真的太不好了，现在申请不了信用卡也挺好的，没想到每个月可以存那么多。以前信用卡总是最低还款，利息真的好高好高啊。,,0.8606982827186584,6,0
沈奕斐的播客 ,183.网贷越陷越深如何解脱？要不要借亲戚朋友钱？,66d30a35b3bd8d928790fa41,1,保姆阿姨女儿的回答太令人震惊了，拖累父母，给爸妈增加了那么大负担，妈妈在帮忙解决问题，竟然还觉得自己没错，不感恩父母，感觉这个女儿没有心啊。这一期令我震惊的事情很多，贷款日常消费，贷款买礼物给女友，都是我无法理解的行为。听了沈老师商老师那么多期，收获很多，就像沈老师说的喜欢总是默默的，这次发一回声，哈哈～希望沈老师商老师这个节目能一直做下去，你们的每一期节目我都很喜欢。,,0.863835871219635,4,0
沈奕斐的播客 ,182.出国漫游费破万：中老年人如何应对技术难题？,66c7d682a7ed27eab4b5fb6c,1,我的“悦纳自己，成就孩子”家庭教育线下工作坊，即将开启，想要了解我的线下工作坊，可以联系：xiaoai_love2024,,0.9067114591598511,11,0
沈奕斐的播客 ,182.出国漫游费破万：中老年人如何应对技术难题？,66c807b92b4490903d280c69,1,1:22:56 真好，沈老师和商老师到了中年还愿意积极发声，我身边好多二三十的人已经习惯沉默了。,,0.9387925267219543,63,3
沈奕斐的播客 ,182.出国漫游费破万：中老年人如何应对技术难题？,66c7f86541df8970d1484223,1,关于转向灯说说我的想法：第一是在道路上人不是上帝视角，有可能其他方向的车也需要我们转向灯提供的信息，而我们不知道。第二，我认为没后车，不一定真就没后车，开车时疏忽是很常有的事情。总而言之，打转向灯是个好习惯，能大大降低事故的发生率，好习惯应该养成。,,0.9140836000442505,52,8
沈奕斐的播客 ,182.出国漫游费破万：中老年人如何应对技术难题？,66c8139aa7ed27eab4e3f2a4,1,好多运营商都挺流氓的，之前出国想办理最便宜的五块八块套餐保号，网上看别人出国经验是有这个套餐的，去app就是找不到，问客服，客服就各种打太极说你这个没有这种套餐，我真的不停问，说没有就去工信部投诉，才给我办了这个套餐，不止我一个人有这个体验,,0.9477533102035522,51,2
沈奕斐的播客 ,182.出国漫游费破万：中老年人如何应对技术难题？,66c7f273580020ce608020a8,1,55:07 深有同感。我父母也70岁了，平时跟我住在一起，一离开孩子就感叹寸步难行。对于他们来说这完全是另一种语言体系，各种系统语言都是能认识但是无法理解的汉字。理解已经很困难，遗忘却非常容易……这还是知识分子的处境。我爸爸写报告写到熟悉的植物连拉丁文都可以不查资料，却要一遍一遍问我手机里面一个按钮是什么意思，有时候我们真的需要多一点同理心，少一点傲慢。,,0.9161359667778015,38,0
沈奕斐的播客 ,182.出国漫游费破万：中老年人如何应对技术难题？,66c819cd580020ce609e6df6,1,我很惭愧，在这之前我也不太能理解我无数次的教我爸妈使用手机点餐打车看地图，我发现他们始终学不会，这让我非常的困惑， 可是他们明明会刷短视频，为什么就是学不会这些呢， 甚至会在父母向我寻求帮助的时候表现的不耐烦，甚至是指责他们。 听了这期播客， 我决定以后不再强迫他们一定要学会使用这些， 如果向我寻求帮助我会耐心的帮他们解释， 如果实在学不会，我会提前帮他们处理解决好这些。 同时也希望所有人的陌生人们在外面遇到这些不会使用手机的老人时都能耐心的为他们提供一些帮助，对他们多一些包容。 再次感恩两位老师,,0.939109206199646,27,3
沈奕斐的播客 ,182.出国漫游费破万：中老年人如何应对技术难题？,66c807c9506584c758cdc521,1,"我发表一点点个人观点哦，不一定对，但是如果能因此有一点点启发也是好的。
说到滴滴这个事情，我的理解，很多科技进步就是时代的洪流，尽管看上去很残酷，好像淘汰了很多的岗位，带来了很多痛苦，但人类的进步过程中无法避免，除非不往前走。现在有些可能不完全理解，但从将来的角度也许好理解点。
我先举个电话接线员的例子，自动化了之后，接线员都下岗了，确实对于这些花了好多年练就好技术的人很不公平，也许他们没有什么能力再去精通另一门技术，当时可以考虑怎么去帮助他们。但从现在的眼光看，方向肯定是对的，现在没有人去学习干这个，原本将来可能干这个的人空出了时间干别的。
再说一个更贴切的例子，在没有滴滴的时候，出租车司机很大一部分时间，是处于空跑找客的状态。还有远程高收费 也是为了在再跑远程的时候，回程大概率空跑的缘故，回程空跑浪费工作精力，浪费油…因为有了类似滴滴的平台，哪些空跑的概率降低了，因为这条马路接不到正好长途返程的人，但是如果能获得附近20条50条马路返程需求信息，会大大减低返程空跑的概率。
当然平台也有我们能看到都很多，比如垄断压榨等等的问题，这些是不是能考社会，政府去调节呢。但无论如何从将来的角度，司机能获得更多信息，少空跑上方面肯定是往前看的，总是能花更少的时间精力创造更多的财富。

再往远一点点看，无人驾驶出租车也是已经有运营几年了，不久的将来很可能有一天会替代大部分出租车司机。

所以我觉得可能宣传上，多一点关注特定一代因科技发展失去工作的人的困难，少一点科技发展使人失去工作，失去幸福感。可能会更好一点。


（请允许我胡说八道，哈哈哈，手动狗头保命）",,0.6455105543136597,17,2
沈奕斐的播客 ,182.出国漫游费破万：中老年人如何应对技术难题？,66c7d3f20a9465066d55a163,1,根据上海市通信管理局掌握的情况，2023年12月17日-23日期间，用户王某某所产生的的漫游资费多次达到熔断标准，因此中国电信的企业系统自动触发熔断，暂停用户数据漫游功能，并向用户下发提醒短信，但用户本人先后共10次自主恢复两个手机号的数据漫游功能，由此产生了相应的流量漫游费用,,0.8179831504821777,17,1
沈奕斐的播客 ,182.出国漫游费破万：中老年人如何应对技术难题？,66c7f6e03a8979e77f3b7262,1,看了下很多新闻报道的公众号底下的评论，基本上都是一边倒，在指责老人应该为自己的行为买单。个人感觉不是水军行为，看了评论真的觉得蛮悲哀的。如果大家都设身处地的想一想这事情如果发生在自己身上，是不是都会认为自己也应当去支付这个天资漫游费呢….,,0.9225481152534485,14,2
沈奕斐的播客 ,182.出国漫游费破万：中老年人如何应对技术难题？,66ca0db0adc209510b93b0c5,1,这一期两位老师怎么一直在相互抢话啊哈哈哈哈哈哈,,0.8446969985961914,12,2
沈奕斐的播客 ,182.出国漫游费破万：中老年人如何应对技术难题？,66cad92ee58e3204dc024b3c,1,沈老师 感觉你讲话有点急躁:cat_with_tears_of_joy: 可以适当让商老师讲完他的部分（也可能是我1.2倍速听的感受原因）,,0.9179326295852661,12,0
沈奕斐的播客 ,182.出国漫游费破万：中老年人如何应对技术难题？,66caed7efe172fc86b8aecff,1,39:14 商老师不能把不合自己意的都说成水军啊，这也太自以为是了吧。我看下来电信已经多次把这个用户的漫游断了，是这个用户主动自己打开的。可能打开的方式确实太简单了，但是太复杂或者绝对不让打开就对吗？万一在极端危险的情况下呢，尼泊尔可是山地国家啊。凡事不能只从一头考虑吧。,,0.5478779673576355,9,0
沈奕斐的播客 ,182.出国漫游费破万：中老年人如何应对技术难题？,66ca7de18cc27a7fc13a5a4c,1,关于转向灯的问题，我很惊讶商老师作为律师会这么看待这个问题:face_screaming_in_fear: 路上行驶的车辆，所有司机都会有盲区，突发状况更是重大安全隐患，而且转向打灯应该从学习驾驶时就养成习惯，如果由司机自行判断需不需要打灯，那么司机判断错误怎么办？同理路口无车无行人的情况下，遇到红灯该停车等灯还是闯灯通过呢？还有两位老师提到的国外残疾人车位问题，有人会因为找不到车位占用残疾人车位，说是有急事，只停5分钟，结果被罚上千刀，他也是说反正空着，用一下怎么了？规则就是要被执行的，如果觉得不合理可以提出异议，但是没有修改之前还是要遵守，这样大家才能在一个公平的标准下行事。您说呢？,,0.5863924026489258,7,1
沈奕斐的播客 ,182.出国漫游费破万：中老年人如何应对技术难题？,66c7f601479df619887fc4d4,1,08:41 我喜欢骑电驴，有很多汽车突然左转或者右转紧急刹车都差点刹不住，在路上遇到能提前打转向灯的汽车都会觉得他们很友好，所以我确实觉得这个小例子不够完美哈哈。毕竟有时候我们骑车紧跟在汽车后面，可能会有一定的视野盲区。站队：我觉得保持打转向灯的习惯是很好的，万一就有没有注意到的车呢，不能有这样的侥幸心理，司机能确保每一次转弯都预先确认后面有没有车吗对吧。,,0.8369826078414917,7,1
沈奕斐的播客 ,182.出国漫游费破万：中老年人如何应对技术难题？,66c7de0e263e9c56d4a6950c,1,09:07 习惯不打转向灯了 该打的时候就忘了 要练成下意识的动作,,0.8045578598976135,6,2
沈奕斐的播客 ,182.出国漫游费破万：中老年人如何应对技术难题？,66c87790cbd72f18ada22e5b,1,30:57 好了，这辈子不会用电信了，代入一下，真的超级生气:face_with_steam_from_nose:,,0.9398259520530701,6,1
沈奕斐的播客 ,182.出国漫游费破万：中老年人如何应对技术难题？,66ca98fb62669c85f3c0ad13,1,电信的服务是最差的，收费是最黑的，你如果一个月不用他的卡的话，他会一直扣钱哪怕是卡里没钱了，他继续预收，同时也不会提供你服务，而且还会拉你进失信名单，你就交完钱后才能使用他的电信卡，他还有一些专门坑人的业务，比如说送你部手机，但是那部手机他的收费流量很贵,,0.9513586759567261,5,0
沈奕斐的播客 ,182.出国漫游费破万：中老年人如何应对技术难题？,66c83f9362669c85f3040e61,1,"非常感谢两位老师的发声！:folded_hands::rose::rose:

:red_heart:社会文明的发展一定是有利于大家的，而不是以高科技和一部分人去“控制”或“打压”另一部分人。

:red_heart:企业家赚钱的同时还要有一定的社会责任感。
你的成功其实是“羊毛出在羊身上”。

:red_heart:没有绝对的强者，也没有绝对的弱者。

:red_heart:每个人都会老的。
多一点同理心和包容性。

以上以及不限于以上。",,0.9290483593940735,6,0
沈奕斐的播客 ,182.出国漫游费破万：中老年人如何应对技术难题？,66cb2e72f8379c59873ab3d6,1,女主播能不能等男主播发表完意见再打断呢？整一段停下来觉得这个选题好好，但是因为女主播一直打断男主播讲话都听不到男主播的完整的意见,,0.7622044682502747,4,0
沈奕斐的播客 ,182.出国漫游费破万：中老年人如何应对技术难题？,66c9f6dc9d36fb689ccc24a8,1,沈老师和商老师仗义执言值得我们学习，现代社会还是很需要有正义感的知识分子为我们的老人和身体不方便的人代言。,,0.9434623718261719,4,0
沈奕斐的播客 ,181.人大教授性骚扰：为什么半推半就不直接拒绝？,66ac22b3d419b660f07fe38b,1,如果你对我的幸福工作坊感兴趣，可以联系我的同事：xiaoai_love2024，了解线下工作坊的更多内容。,,0.833228588104248,19,2
沈奕斐的播客 ,181.人大教授性骚扰：为什么半推半就不直接拒绝？,66ac51ece737a3a9fe22be2e,1,21:33 权力不对等下即使同意也不是真正的同意,,0.8831908702850342,141,1
沈奕斐的播客 ,181.人大教授性骚扰：为什么半推半就不直接拒绝？,66ac573456ed51669adf075f,1,"听完后,突然点醒了我，分手后总是不停地给前任发消息，这也是一种骚扰,没有尊重他的意愿,只是把自己的意愿强加在上面。虽然很不舍的,忘不掉以前的美好的回忆,但当下对方的感受才是最重要的。学会了爱是会尊重对方，谢谢沈老师。",,0.9299072623252869,58,3
沈奕斐的播客 ,181.人大教授性骚扰：为什么半推半就不直接拒绝？,66aed049a764d7c9aa6bc91d,1,1:10:05 沈老师每次跟商老师聊女性权益或女性视角相关的话题都肉眼可见的费劲:face_with_tears_of_joy:商老师强调法院女生很多的时候跟故意抬杠似的哈哈哈哈,,0.8779160380363464,45,1
沈奕斐的播客 ,181.人大教授性骚扰：为什么半推半就不直接拒绝？,66ac4711ac8ce24f28fba61d,1,03:59 老师和学生本就不应该恋爱，一些初高中阶段的女生很容易喜欢上自己的老师，由于思想不完全成熟，但是老师应该成为避免事态进一步发展的主动方，帮助引导学生。高校中如果允许师生恋，很容易成为一些老教师性骚扰学生的借口和理由，反而会模糊性剥削的界限。,,0.6094459891319275,57,2
沈奕斐的播客 ,181.人大教授性骚扰：为什么半推半就不直接拒绝？,66ac6b4b9c94680022e641d7,1,52:41 是的，男性看轻女性的一点，就是不重视对方的反应,,0.5214335322380066,37,1
沈奕斐的播客 ,181.人大教授性骚扰：为什么半推半就不直接拒绝？,66ae737aa764d7c9aa2a981a,1,想听你俩讲奥运会上国乒发生的一系列事情！,,0.9363458156585693,23,3
沈奕斐的播客 ,181.人大教授性骚扰：为什么半推半就不直接拒绝？,66ad66dffcd26f5fc19dfbe5,1,57:22 这句话说的太对了，他并不是爱你，只是想得到你。之前我一直觉得一个人一直付出就是爱的表现。点醒我了，谢谢沈老师,,0.926139235496521,24,0
沈奕斐的播客 ,181.人大教授性骚扰：为什么半推半就不直接拒绝？,66acde2e0760ca2a4bc332fb,1,28:43 很多男性追求女性其实也有类似的潜在逻辑，会挑可能外貌不是很出众，但看上去比较温顺好追的女性下手，因为他们会考虑成功率和后续是否能主导这样的关系。反而是有些样貌、能力出众的女性表示自己没人追，有时候也并不是玩笑话。,,0.8099915385246277,19,0
沈奕斐的播客 ,181.人大教授性骚扰：为什么半推半就不直接拒绝？,66ac5a39c6dee0457905b024,1,在我看来，师生关系，特别是青少年时期，或者说中学阶段，成年人与未成年人间的师生关系，相较职场关系等其他涉及权力不对等的关系更为复杂。在年龄压制与职业光环的共同作用下，其间不对等的权力关系即便在学生毕业之后，往往也未必能够全然消解，学生依然有可能继续受到骚扰或伤害，部分时候，甚至在学生毕业之后，才开始发生，这同样也是需要重视和警觉的。因而我认为一定程度上可以参考心理咨询领域，不再以学生毕业为界，转而设置诸如3年等固定的时间期限，给予学生足够的祛魅时间，或许是对双方特别是弱势方更好的保护。,,0.8610417246818542,17,2
沈奕斐的播客 ,181.人大教授性骚扰：为什么半推半就不直接拒绝？,66ac435baacaccde6cf777b3,1,25:38 讲的很对，不是 “我喜欢” 而是“我可以”,,0.8827604651451111,15,0
沈奕斐的播客 ,181.人大教授性骚扰：为什么半推半就不直接拒绝？,66ac6b08fcd26f5fc1e22851,1,51:07 是的，真实的世界遇到这种偏执狂，女性的感受是会害怕的。那些电影情节都不过是男性的臆想,,0.8772850036621094,13,0
沈奕斐的播客 ,181.人大教授性骚扰：为什么半推半就不直接拒绝？,66b17574bf66cd841a395694,1,22:05 感觉男性在这里就是没有被性骚扰过，所以需要女性不断的解释，为什么收集证据如此之难，其实收集证据是最难的，很多男的根本不留任何文字和语音证据，都是见面摸或者口说，受害者被骚扰的时候也不是“有准备”的，来不及手机录音的情况很多,,0.8309890627861023,10,0
沈奕斐的播客 ,181.人大教授性骚扰：为什么半推半就不直接拒绝？,66b4d5c17c654d8c78043454,1,1:21:51 我觉得最后一段两位老师“激烈”的讨论恰恰说明了两性在对“性骚扰”这件事上的感知是非常不同的。我是在企业经历过性骚扰的女性，所以对于沈老师说的这些非常能共情。我觉得“性骚扰”的界定真的需要从小普及，在我们小时候没有教过两性什么是正确的性别观念，哪些事哪些话就是性骚扰，导致这些问题都延续到了高校和职场。,,0.912030041217804,9,0
沈奕斐的播客 ,181.人大教授性骚扰：为什么半推半就不直接拒绝？,66ad7a424e9050f35e330162,1,"30:10 “我终于知道我为什么会不舒服了，原来我的不舒服是有原因的”
高二的时候上物理一对一的课程，第一节试课，那个老头一般的老师坐在我的右手边，在我写题的时候老是打量我，最后给我讲题的时候甚至把头放在我肩膀上。因为也只是搁了一下，所以我一开始怀疑是不是刚好凑近碰到了，但是那种头沉甸甸放过来的感觉又绝对不是轻轻擦过的意思。
最后我左思右想觉得是不是自己太敏感了，但我的的确确感受到不舒服。
于是找了个借口说时间不方便不去上这个课了。
沈老师这句话像雷霆一样打中我，我突然看清了几年前的事情。",,0.6094198822975159,8,0
沈奕斐的播客 ,181.人大教授性骚扰：为什么半推半就不直接拒绝？,66ac4419c6dee04579f4f3de,1,醍醐灌顶了,,0.9419100880622864,8,1
沈奕斐的播客 ,181.人大教授性骚扰：为什么半推半就不直接拒绝？,66ad824d3ff01e8c33cb0868,1,老师们可不可以探讨一个问题，各行各业举报之风人人自危会对社会和个人造成什么样的影响,,0.6516022682189941,7,0
沈奕斐的播客 ,181.人大教授性骚扰：为什么半推半就不直接拒绝？,66ad67ffac8ce24f28d31f27,1,39:55 哈哈哈哈哈感觉商老师真的很想讨论红楼梦,,0.8689911365509033,7,0
沈奕斐的播客 ,181.人大教授性骚扰：为什么半推半就不直接拒绝？,66be968923670907cda1870f,1,老师您断更2周啦催更~,,0.5723433494567871,6,0
沈奕斐的播客 ,181.人大教授性骚扰：为什么半推半就不直接拒绝？,66b3702a8f19ebb3c3166482,1,52:53 爱是尊重，而不是骚扰的理由。是耶！这个说法:face_holding_back_tears:！被女生拒绝了，还追她三年，在宿舍楼下唱歌，让她不舒服，这不是爱，是想得到这个东西，是偏执狂！！,,0.8464503288269043,6,0
沈奕斐的播客 ,180.家长制、没苦硬吃：《抓娃娃》是喜剧还是恐怖片？,66a30bf2ab5833c999b92f65,1,36:21 我真的好喜欢沈老师啊，有同理心的大人实在太难得了。好多年前跟我爸起了争执，我姑看似理中客的找我谈心，核心内容还是“你爸不容易毕竟是你爸。”因为时间太久内容细节和争执原因记不清了，但我当时有种发现新大陆的心情——长辈统一战线一致对外的团结，是比贫富差距还无法逾越的鸿沟，他们根本不在意对错也不在意你的想法，大人唯一在乎的只有保证自己的家长权威牢固不可撼动。从此以后我彻底放弃沟通。,,0.9456643462181091,232,2
沈奕斐的播客 ,180.家长制、没苦硬吃：《抓娃娃》是喜剧还是恐怖片？,66a30bcd409ae11b8b280e1e,1,作为一个真正觉得自己是穷人家孩子的人，看完电影，内心有种隐隐的愤怒，仿佛受到二次创伤。我期待一个有温度有社会责任感的制片人，会关注并讨论穷孩子的成长，而不是把穷人孩子作为笑料，成为制造笑料的工具，成为阴谋操纵的工具人，成为电影票房的噱头。穷孩子受到的心理创伤是真实的，真实的被歧视，真实的低自尊，他们或许值得被社会温柔以待。好的作品，就像黄灯《我的二本学生》，目光投向名校之外的更广大的二本甚至专科生群体，文字真实有力，富有悲悯，本人作为一名二本学生，有幸看到这样的纪实文学，超级感动！期待穷人家孩子也能进入学者的研究视野，振兴乡村，期待有不一样的视角关注乡村教育，关注社会底层艰难成长的孩子！或许已经有很多这样的优秀作品，欢迎大家推荐，打破我的信息茧房。,,0.9397368431091309,158,0
沈奕斐的播客 ,180.家长制、没苦硬吃：《抓娃娃》是喜剧还是恐怖片？,66a2e97aab5833c9999efcc8,1,总算有人喷一下这个恐怖电影了,,0.6204826235771179,176,0
沈奕斐的播客 ,180.家长制、没苦硬吃：《抓娃娃》是喜剧还是恐怖片？,66a32855e9234b97d2e6e5c7,1,37:23 诶呀妈呀我懂了，这个片子背后的主要主创就是男人的自我感动和骄傲吧,,0.9113225936889648,99,3
沈奕斐的播客 ,180.家长制、没苦硬吃：《抓娃娃》是喜剧还是恐怖片？,66a3154484d895d958ead2f4,1,非常认同沈老师的解读。电影引起了我强烈的生理不适，电影的结尾是大和谐没有批判没有反转这点真的太可怕了。想起我那被操纵到抑郁自杀过的小表妹，创伤可能是终身的甚至会遗传下去。小孩听人说你的爸爸妈妈不要你了，之后真的哇哇大哭起来，大人们却觉得真好笑。小孩子和大人是平等的。马继业得知真相时的崩溃，被一带而过，甚至一笑而过，家长们何其自私和残忍。虽然他们也曾经是小孩，但长大了就成为了孩子的神，主宰者。他们用钱收买，他们用自己的辛苦不容易来道德绑架，他们用孝道精神控制，一切都是打着是为你好的幌子，唯一没有的是平等和尊重。谢谢沈老师替我们表达出了批判。,,0.9175063967704773,75,0
沈奕斐的播客 ,180.家长制、没苦硬吃：《抓娃娃》是喜剧还是恐怖片？,66a2ef0d2726402d21f3b393,1,刚开始还能时不时笑得出来，越往后看越难过，这样的恐怖片是怎么上映的:grinning_face_with_sweat::grinning_face_with_sweat::grinning_face_with_sweat:,,0.9379252195358276,70,5
沈奕斐的播客 ,180.家长制、没苦硬吃：《抓娃娃》是喜剧还是恐怖片？,66a302f984792762170d0107,1,结尾孩子上了体大跑着步半道儿去捡瓶子，我看就是疯了。,,0.9068887233734131,70,2
沈奕斐的播客 ,180.家长制、没苦硬吃：《抓娃娃》是喜剧还是恐怖片？,66a377f57626206ff4128913,1,从来没有见到过沈老师如此情绪化，如此义愤填膺过，作为一个00后的东亚小孩，同样出身于这样子的家庭。我非常感激沈老师的这样情绪化的表达，或许沈老师在这一单集之中确实过于偏激，没有商老师那么客观或者说一分为二来看待。不过我真的感受到沈老师对当下教育氛围的担忧，沈老师这样说好像是为了说给所有的听众们听，我们当下社会的教育体制和教育氛围有什么样的问题，她想让教育者们做出改变，她同时也在一次次的为马继业心疼，为马继业说话中安慰了每一个正在听这集播客的“马继业”们。看电影的时候我一直很不舒服，心里觉得很难受，看到那些笑点觉得有点想笑但是转念一想又很难受。直到现在听到沈老师的话，终于心里舒服了很多。这就是沈老师在做的事情，这就是沈老师给我们带来的能量:loudly_crying_face:,,0.9465963244438171,56,0
沈奕斐的播客 ,180.家长制、没苦硬吃：《抓娃娃》是喜剧还是恐怖片？,66a31fbf1bb0647823d2cba8,1,1:42:35 听到此刻，深刻理解沈老师想表达的意思，一部大爆火影片，影片本身没有任何反思，只把反思留给观众，造成的社会影响可能南辕北辙的。,,0.7407920360565186,49,1
沈奕斐的播客 ,180.家长制、没苦硬吃：《抓娃娃》是喜剧还是恐怖片？,66a35135f29f54850bf68698,1,我觉得这个不是喜剧片，是反讽教育片,,0.8510246872901917,45,1
沈奕斐的播客 ,180.家长制、没苦硬吃：《抓娃娃》是喜剧还是恐怖片？,66a2f3202726402d21f6c3a8,1,"我觉得好看的，因为节奏好，而且以喜剧手段揭开一些问题

如果我很有钱，我不会想这样对我的孩子。而且其实真正的富豪也不会这样对待他们的孩子，这部片子只是以普通人能想象的程度来拍了这部电影而已

结尾的，那首歌，的那句“我不想当风筝，我想当风”让人感动

沈腾说“你以为是我们操控了你的人生吗，你也操控了我的人生”，沈腾说的是错的。因为继业没得选，而马总，确实是控制了小孩的人生，反而还要叫屈--典型的为你好思维",,0.9139277338981628,37,5
沈奕斐的播客 ,180.家长制、没苦硬吃：《抓娃娃》是喜剧还是恐怖片？,66a2f78cc843548950ffdb14,1,11:24 就商老师这发言，的确很恐怖,,0.9222127795219421,48,4
沈奕斐的播客 ,180.家长制、没苦硬吃：《抓娃娃》是喜剧还是恐怖片？,66a2f4d11df1ddb6de23a76d,1,24:17 导演与（院线）电影在社会是非常有影响力的，如果电影都不必承担什么社会责任（做社会反思），那么还有哪个主体有能力/义务这么做？,,0.8426775336265564,30,1
沈奕斐的播客 ,180.家长制、没苦硬吃：《抓娃娃》是喜剧还是恐怖片？,66a2eff5ab5833c999a413de,1,到了沈老师专场，闪闪发光！看到了好专业的沈老师！,,0.9556155204772949,29,0
沈奕斐的播客 ,180.家长制、没苦硬吃：《抓娃娃》是喜剧还是恐怖片？,66a5617fa9748136b9c01efb,1,"这个片子荒谬的一点，这么有钱有资源的家庭，对孩子的教育却只有“苦难”。完全可以从小给他丰富多样的成长环境和体验，他完全可以在尝试的过程中，发现自己热爱的事情，家里有足够的条件支持他做热爱的事，发现人生的重心，不是只有高考。     支持体系（家庭）本该让他有更大的世界，然而现在变成了坐井观天，没有任何爱好，从早到晚，只有学习、学习。他比真正穷人家的孩子还要可悲的多。 
最后他爸控诉的那一段，真想给他一拳。到现在，他爸爸都没有觉得自己做错了，真是太恐怖了。然而影片最后管用套路，他考上了体育大学。他父亲那么的固执偏激，还能放他去追求自己的爱好吗，我表示怀疑。
毫无逻辑、全是硬生生插入的无脑剧情逼着你发笑，仿佛整个剧都在说，哈哈哈快笑，看我多有才给你编出了这么好笑的情节。
这片子看一看也蛮好的，知道现在所谓的喜剧、教育意义的电影，有多荒谬、恐怖、尴尬、令人愤怒。",,0.9232562780380249,24,1
沈奕斐的播客 ,180.家长制、没苦硬吃：《抓娃娃》是喜剧还是恐怖片？,66a2ed2a0027013c4509d15c,1,并不觉得是善意的谎言 太可怕了,,0.852120578289032,26,0
沈奕斐的播客 ,180.家长制、没苦硬吃：《抓娃娃》是喜剧还是恐怖片？,66a508812edc76ac6b6a66ff,1,27:37 商老师。。居然把这里当正面教育的例子来说。。。天哪，男的这么不懂育儿的吗,,0.9005438089370728,23,0
沈奕斐的播客 ,180.家长制、没苦硬吃：《抓娃娃》是喜剧还是恐怖片？,66a3a67aa206b9cbdb655b35,1,30:05 沈老师说出了我的心里想法！ 一点也不好笑。太不把孩子的感受当回事儿了。 我都看哭了。晕,,0.8643891215324402,22,0
沈奕斐的播客 ,180.家长制、没苦硬吃：《抓娃娃》是喜剧还是恐怖片？,66a309518e85d9a1e25733f6,1,38:01 我感觉这只是反应真实情况…因为生活中父亲经常自我感动……,,0.7441929578781128,22,0
沈奕斐的播客 ,180.家长制、没苦硬吃：《抓娃娃》是喜剧还是恐怖片？,66a305c6f927e81e4f5a6a8b,1,23:20 ！！！沈老师，我看完和你想法一样，所有人都是工具…孩子最可怜了，因为他们只能被大人控制，最最可怕是前两个工具（大儿子、二儿子）废了…他们还想再生一个…我老公看最后跑步捡瓶子说这拍的不好应该是更疯才对，这谁遭得住啊…我感觉最后是对小孩整个自我和认知的一种摧毁,,0.9253804683685303,21,0
沈奕斐的播客 ,179.异地恋究竟有多难？如何避免猜疑？顺便聊聊上期的争议,6699db6705efc091f1dd8071,1,38:46 异地恋折磨的总是那个更闲的人,,0.8067951202392578,154,2
沈奕斐的播客 ,179.异地恋究竟有多难？如何避免猜疑？顺便聊聊上期的争议,6699b8e519e579e9bb5c3251,1,07:04 回旋镖了，用他们话怼他们，然后他们自己破防了,,0.9204843640327454,82,1
沈奕斐的播客 ,179.异地恋究竟有多难？如何避免猜疑？顺便聊聊上期的争议,669a233be29b5af90fcbc76e,1,59:37 笑死了:face_with_tears_of_joy:商老师：牛郎织女异地恋为什么成功了:face_with_monocle:？  沈老师：那是神话亲爱的，小说里异地恋都是成功的。,,0.550345778465271,67,1
沈奕斐的播客 ,179.异地恋究竟有多难？如何避免猜疑？顺便聊聊上期的争议,6699b0c87d54152318580d51,1,谈异地恋最重要的，就是结束异地恋。,,0.9301630854606628,91,1
沈奕斐的播客 ,179.异地恋究竟有多难？如何避免猜疑？顺便聊聊上期的争议,6699fa79997f81deb1531979,1,"19:38 个人认为，沈老师，其实是在提倡或者努力营造一种互信、友善的网络讨论环境或者氛围。当一个事件出来的时候四面八方的眼神汇聚在这里，有不同观点是好事，这会为这件事提供很多视角。这种多视角的讨论，是任何单独一个人，几个人做不到的，是独属于网络讨论的优势。

就像姜萍同学的这个事情，应该提出疑问的是比赛的规则有没有有效的防范作弊的规则，有没有做到真正的公平等等。就算她作弊了，不也正是平台没有做好监管导致现在的舆论发展吗？

质疑姜萍作弊除了对当事人造成网爆没有任何意义，因为姜萍有可能是任何一个因为偶然时间出现在公共视野的普通人，可能是你也可能是我。这也解释了为什么沈老师一旦质疑评论里的人，他们就觉得自己被网爆。这就是当下这个社会流量带来对个人的暴力。

平台是否利用这件事为自己吸收流量？平台是否放任事情发生没有任何监管？社会是不是对这件事有强有力的法律制裁？社会是否对当事人体现出及时的人文心理关怀和保护？等等你会发现这些问题不仅适用于姜萍同学的事情，适用于任何一个偶然登上“热搜”的普通人。

现在的问题是，当下这种多视角的讨论，会放大很多阴恻恻的希望当事人像坏方向发展的恶意，或者彰显自己优越感的恶意。这就使得原本中性的事件，在这种刻意的影响下，转向“反转”“再反转”，满足看客的吃瓜心理，也给平台和某些“理中客”带来“发财”的流量。

希望制度会越来越完善，希望舆论环境会越来越好，希望网络回归人们对它最初的美好畅享，连接你我，共享知识:crying_face::crying_face::crying_face:",,0.7700057029724121,45,0
沈奕斐的播客 ,179.异地恋究竟有多难？如何避免猜疑？顺便聊聊上期的争议,669a149405efc091f10d1e8a,1,1:10:40 异地恋我必须来说一说哈哈哈，我们从2020.11.7在一起到2021年6月27日一直都是异地(我在外地读大学)，包括2022.8.22到2023.7.10号(突然离开上一家单位去外地工作)也是异地，也就是至少前三年里55%的时间都是异地，最开始我就在网上看到有人说，一开始就异地绝对会BE，我也很难相信自己的第一段恋爱就是异地恋，但是我成功坚持下来了。刚开始异地的时候，真的不习惯，随时随地都想给对方发消息，但那个时候喝了毒鸡汤，说什么女生不要主动，不然很掉价，于是每天都很扭捏，新鲜感过去之后，到了第五个月，每天都是无聊的视频聊天，虽然没吵架，但聊天的时候也没话说，一度以为要分开了，我的时间相对自由，于是每隔2周我会主动跟对方见面，碰到节假日，对方就会计划带我出去玩，所以还是要见面！！！在第二次异地的时候，碰上YQ，见面简直就是天荒夜谈，那个时候真的全靠沈老师的<<社会学爱情思维课>>才熬过来，真的强推，而我男朋友也是会主动陪我，那个时候我每天24小时都是自己一个人待着，他就视频陪我，我会主动跟他分享我看到的一切，那个时候我意识到，我本来就是一个看到一朵花都要告诉全世界的人，我就是爱分享的类型，而我压抑自己不去找他，他也会难过的，他说忙完一天看不到我的消息他会很难受，所以我大大小小的事都要说，或许就是我这种明目张胆的表达，让他感受到我很需要他，因此他总会花时间陪我，我依然记得去年7月他去帮我搬家的时候积极的不得了，把我所有的东西塞满他的车，真的刚好塞完，多的一点空隙都没有，开车4个小时回了家，那一刻我确信这个人是真的很爱我，现在我很幸福，而且看着沈老师更新的各种视频、各种课程我都能受益良多，非常感谢两位老师，超爱你们:sparkling_heart::sparkling_heart::sparkling_heart:,,0.9002934098243713,35,5
沈奕斐的播客 ,179.异地恋究竟有多难？如何避免猜疑？顺便聊聊上期的争议,6699c47aa43ebb8b38d775b4,1,07:10 05:10 哈哈哈哈，好搞笑，好双标，你能质疑别人，被质疑又觉得生气,,0.6937534809112549,29,0
沈奕斐的播客 ,179.异地恋究竟有多难？如何避免猜疑？顺便聊聊上期的争议,669d29a70cd85e2568be6b8e,1,"在异地恋这个问题上，我有些经验，所以和大家交流一下。
我和老公相识共23年，同窗2年、恋爱5年、结婚16年。曾经历5年的异地恋（邻省）、10年异地婚姻（邻市、周末夫妻）。现在婚姻关系基本正常。
异地恋和异地婚姻经营起来有很大不同，恋爱时私人感情成分更多，婚姻里责任义务更大。除商沈老师说的主动沟通、有共同愿景外，这是交往的前提。我还有以下经验和大家分享。
结婚前的异地恋：1.首要注重个人成长（生存能力、专业能力）。2.要彼此尊重，彼此能交异性朋友但忌脚踩两只船。3.相信缘分，不强求。
异地婚姻：1.习惯的力量远大于爱情，尽可能早的结束异地情况或者不在一起的天数尽可能少。2.注重个人成长，但这时侧重于家庭关系、亲子关系的学习等等，使自己具备爱的能力、经验家庭的能力。3.做彼此的战友、朋友。",,0.8859511613845825,26,2
沈奕斐的播客 ,179.异地恋究竟有多难？如何避免猜疑？顺便聊聊上期的争议,669a317abcd6aed44611062d,1,"那些让姜萍自证清白的人，你们想让未成年人姜萍跟《让子弹飞》里面六子一样，刨腹自证清白吗？她怎么证明都会有无数的人会继续质疑挑刺下去。
换句话说，就算姜萍作弊了，那又怎么样呢？没有必要让她背负天下人的骂名吧？她只是未成年人呀，她承担不起啊，出了人命你能负责吗？你付得起责吗？哪天你有了女儿，你希望她遭受这样的质疑吗？
一个心智成熟的成年人尚且无法承受这样的压力，你怎么忍心让一个未成年的孩子来承受呢？",,0.5734829306602478,20,2
沈奕斐的播客 ,179.异地恋究竟有多难？如何避免猜疑？顺便聊聊上期的争议,6699d9b4004610cc507f92de,1,56:05 哈哈哈不在一起就不会离婚 商老师也是逻辑鬼才啊,,0.8507295250892639,17,1
沈奕斐的播客 ,179.异地恋究竟有多难？如何避免猜疑？顺便聊聊上期的争议,669a555605efc091f1446f7f,1,亲密关系就是通过讲垃圾话维系的，我男朋友去西班牙玩一趟从出门开始就跟我同步他什么时候到了机场，买了什么东西，飞机晚点了balabala 的，我本人是一个分享欲很低，什么事都搁在心里的人，但是我现在发现当你真的喜欢一个人的时候你会忍不住想跟他分享你的生活，看到他给你发的消息就会特别开心，而且越跟他聊天越期待时间过的快点再快点，希望他享受自己的假期但无论如何线上的聊天也替代不了拥抱，异地真的很难熬，好想跟他见面:smiling_face_with_tear:,,0.8190598487854004,22,0
沈奕斐的播客 ,179.异地恋究竟有多难？如何避免猜疑？顺便聊聊上期的争议,669da852f7f5288ce50b22b4,1,44:51 我发现沈老师很多观点跟我很像，终于找到原因了。老公出差我晚上就是一直睡不着一直醒，原来是边缘效应。少了一只共振的:bear:。哈哈哈:rolling_on_the_floor_laughing: 但是有没有可能是女性更多依赖男性。其实也是潜意识其实女性更容易没有安全感。,,0.8981563448905945,12,2
沈奕斐的播客 ,179.异地恋究竟有多难？如何避免猜疑？顺便聊聊上期的争议,6699f1df11113d295cbcbe48,1,谈了一次异地分手后，立誓 异地 狗都不谈！,,0.8857677578926086,14,0
沈奕斐的播客 ,179.异地恋究竟有多难？如何避免猜疑？顺便聊聊上期的争议,66a1c0dd8e36d4bb4d0057cd,1,1:09:05 1.天涯共此时 随时随地沟通 2.信任对方 没有直接证据之前 不要无端去猜疑 3.双方对未来有目标,,0.8960160613059998,11,1
沈奕斐的播客 ,179.异地恋究竟有多难？如何避免猜疑？顺便聊聊上期的争议,66a1ae418f9373d0a62a301a,1,沈老师~可以聊聊人大性骚扰事件嘛，陕西师范也爆出类似的事情。感觉学生想要维权好艰难啊。,,0.854188859462738,11,1
沈奕斐的播客 ,179.异地恋究竟有多难？如何避免猜疑？顺便聊聊上期的争议,6699c0b5635debbd88e69b39,1,05:51 太多了，这种杠精，怼得好，哈哈哈！:clapping_hands:,,0.811913013458252,13,0
沈奕斐的播客 ,179.异地恋究竟有多难？如何避免猜疑？顺便聊聊上期的争议,66a10fc9e4fe5bfdf68f2cb4,1,希望沈老师和商老师聊聊关于“女性结婚后总对伴侣说：你变了，结婚之前谈恋爱的时候你对我不是这样的”的话题。希望二位老师能够结合社会学的理论知识以及沈老师和商老师的日常生活经验来聊,,0.9223853945732117,11,0
沈奕斐的播客 ,179.异地恋究竟有多难？如何避免猜疑？顺便聊聊上期的争议,669ca30806f0479312984398,1,27:15 我非常同意，这个月在线下工作坊见到了沈老师商老师，虽然有很多非常热衷的朋友，我依然告诉自己要对两位老师祛魅，当做个长辈一样的相处交谈是最好的，不要神圣化某个人，单凡你觉得有用的建议尽管采纳，我非常感谢在非黑即白的社会舆论里，听到两位老师的声音，仿佛有第三个选择。任何话题的讨论和辩论，只是为了我们的生活可以更尽善尽美一些。,,0.9332315921783447,11,0
沈奕斐的播客 ,179.异地恋究竟有多难？如何避免猜疑？顺便聊聊上期的争议,6699ee7335bfa8cad34bec56,1,48:16 沈老师真的太可爱啦,,0.9231499433517456,9,0
沈奕斐的播客 ,179.异地恋究竟有多难？如何避免猜疑？顺便聊聊上期的争议,6699d548e912af946244ea87,1,43:08 哈哈哈商老师顾左右而言他,,0.5907538533210754,9,0
沈奕斐的播客 ,178.中专生姜萍得奖，为什么被质疑？聊聊程序正义,67274682f11ec38a18eb9b26,1,是的，姜萍的结果已经出来了，在批评我们的时候，请再听一遍播客，听力理解过关再讨论吧。或者阅读理解增强一下，理解一下什么叫“程序正义”？我们在播客里并不否认这种帮助的存在，甚至指出这种帮助的广泛存在，所以，只打一个人，公平吗？阿里的问题反倒被轻描淡写地过了。,False,0.5734328627586365,16,8
沈奕斐的播客 ,178.中专生姜萍得奖，为什么被质疑？聊聊程序正义,668764d91a00c20debf62d1c,1,我最讨厌的是某些质疑的人，已经早就偏离了他们所谓的为科学求真的初衷，给她取外号，反串讽刺她，甚至造黄谣，他们完全忘记了她还未成年,,0.9037303924560547,596,8
沈奕斐的播客 ,178.中专生姜萍得奖，为什么被质疑？聊聊程序正义,668a76168704ea7076dbca8a,1,看看评论区的部分评论，感受很复杂，好吧，虽然我感觉有些人连我们播客的中心思想都抓不住听不懂，但是我承认你们厉害还不行吗？！想想姜萍这个17岁的姑娘最近受到那么多“厉害”的人的理性质疑，是多么艰难的一个阶段啊。希望没有同情心的人在自己受到莫名其妙质疑的时候，能心平气和地接受（另外，你不喜欢我们的播客，离开就是了，我绝对不会挽留你的）,,0.8907596468925476,301,39
沈奕斐的播客 ,178.中专生姜萍得奖，为什么被质疑？聊聊程序正义,668982566d019e8dbba7a686,1,"1. 姜萍没有义务与责任进行自证，也不应该进行自证，更不可能自证“成功”。
2. 姜萍是未成年人，我们反而有保护她的责任与义务。
3. 这不是学术问题，姜萍没有通过考试提出任何学术观点。
4.  所谓合理的质疑与证明，更像是一小部分人自造的游戏，要你削足适履，遵守他们指定不合理的游戏规则。
5. 一边指出要理性质疑，一边漠视网络上普遍存在的网络暴力，如对姜萍起外号、人格侮辱等明显不理性不合理的行为，是所谓公平正义？我们自然有表达意见的自由，但也必须承担责任！
6. 与其讨论“作弊”与否这种问题，倒不如讨论为什么教育资源严重不平等？社会流动性为什么下降了？
7. 同为无产者，便不要自相残害了，唉。",,0.7520323395729065,158,3
沈奕斐的播客 ,178.中专生姜萍得奖，为什么被质疑？聊聊程序正义,668779408ece8690dbb87af3,1,14:12 女性、中专生，都属于人身属性，与有罪行为无直接关联。法律上，人身属性是不能作为定罪原因的。,,0.520392119884491,133,1
沈奕斐的播客 ,178.中专生姜萍得奖，为什么被质疑？聊聊程序正义,668771da03abd7a5fc8c21a7,1,13:56 天啊沈老师，无法想象沈老师遭受了多大的痛苦，我想商老师听到这里心里也是无法言说的难过。再多的语言安慰对于当事人来说都是苍白的，希望今后对于网络暴力会有更多的法律制裁，让施暴者心存忌惮:loudly_crying_face::loudly_crying_face::loudly_crying_face:每一个小小的个体汇集成群体。希望我的一点点小友善能为沈老师，商老师和受到伤害的人们带来些许安慰，留下一点点正面的表达:loudly_crying_face::loudly_crying_face::loudly_crying_face::loudly_crying_face::loudly_crying_face::loudly_crying_face:,,0.7373104691505432,182,1
沈奕斐的播客 ,178.中专生姜萍得奖，为什么被质疑？聊聊程序正义,6687762859ec062aeba129ec,1,感觉猫一杯封禁那期聊过了，专业人士没有守住底线、官媒炒作之后继续装死，衍生出来的乱象。,,0.9331310391426086,74,0
沈奕斐的播客 ,178.中专生姜萍得奖，为什么被质疑？聊聊程序正义,668770aa46af6ee5bbe5e48c,1,38:20 关于数学符号的问题，推荐大家看看北京大学教授袁新意的文章，专门讲到这点。也有很多单位邀请姜萍参加夏令营，希望人才不会被埋没。,,0.9209455251693726,58,2
沈奕斐的播客 ,178.中专生姜萍得奖，为什么被质疑？聊聊程序正义,66882914a4ce8984b70d8417,1,1:36:44 是对低学历的歧视，但同时也是性别问题。那些高学历的优秀女性（尤其理工科领域），被质疑的被泼脏水的也不在少数，比如之前的牛津女博士“kate朱朱”，最近西安交大的李艺飞…,,0.7576801180839539,55,2
沈奕斐的播客 ,178.中专生姜萍得奖，为什么被质疑？聊聊程序正义,668763d7f92c67f2acd32c4a,1,沈老师，请问什么时候可以出一期《玫瑰的故事》呀？想听听沈老师对玫瑰在剧中与四位男主的关系以及人生不同阶段个人成长之间关系的看法？,,0.922062337398529,48,7
沈奕斐的播客 ,178.中专生姜萍得奖，为什么被质疑？聊聊程序正义,6688d43e5c481faabdffa1ac,1,这期真的不赞同沈老师和商老师的观点。除去那些乐子人以外，绝大部分数学专业、数学领域的质疑者都拿出了他们质疑的证据，包括“Σ”写成“主”、“Γ”写成“T”等证据，这些在数学专业里可以算是特别基础的错误。我是学医的，如果有人把40单位白蛋白说成40单位白细胞一样，基本可以判断这人是从来没学过医的。质疑的人是看不惯一个骗子在那里言之凿凿地扮演一个内行、一个天才，就算这个骗子也是被人骗了（蒙蔽了）。,,0.9011208415031433,197,27
沈奕斐的播客 ,178.中专生姜萍得奖，为什么被质疑？聊聊程序正义,6689e4bdbfa9d4aa63922c2a,1,笑晕，评论区有些人根本没听懂这期播客在讲什么。只因为自己的立场就开始“失望、反驳”。事实是不论她有没有作弊，都不应该收到现在这种程度的审判，就像你在怀疑一个人犯罪，没有证据的情况下也无法把他羁押为犯罪嫌疑人进行看管后再搜集证据或严刑逼供。疑罪从无的意义就是不冤枉无辜的人，可惜现在互联网让所有参与网暴的人感到太轻飘飘没有实感，并不认为自己参与了一场引导雪崩的网暴，对象却是一个二十岁不到的未成年人。,,0.7788823246955872,67,2
沈奕斐的播客 ,178.中专生姜萍得奖，为什么被质疑？聊聊程序正义,66883427356b8b5cdafba345,1,16:34 天啊沈老师，作为一个女性公众人物，和这些烂事烂人周旋您真的辛苦了。,,0.735679030418396,42,0
沈奕斐的播客 ,178.中专生姜萍得奖，为什么被质疑？聊聊程序正义,66877cb98ece8690dbbb0766,1,"08:14 换我要是被质疑，我肯定力所能及的去自证，总不至于毫不作为。袁新意这样的有名有姓的人物，我直接跟他连线交流数学知识即可。
此外，作弊动机是存在的，参见王和周的成绩就知道了。
另外，决赛都过去很久了，怎么还不见结果？
这集的观点我可以认同，但出发点我不信服。",,0.9327460527420044,34,9
沈奕斐的播客 ,178.中专生姜萍得奖，为什么被质疑？聊聊程序正义,6689f58e5ebf7768a669df07,1,"我不太赞同本期播客中沈老师和商老师的一些观点，以下是我的看法：

1. 关于“女生”、“中专生”这样的标签
    1.1. 这一点是我的免责声明。我十分赞同中国社会里仍然存在着广泛而深刻的性别歧视和学历歧视，我也非常不赞同因为姜萍的这两重身份就坚定质疑其初赛成绩真实性的论调。因此，我对姜萍成绩真实性的质疑仅仅是基于采访视频中的疑点以及姜萍的指导老师王闰秋在2023年同一数学竞赛中排名的可疑之处（见2.1）而产生的。如果有人认为我带着对女性和中专生的歧视看待这件事，烦请论证你的观点，我愿闻其详。
2. 关于是否可以在没有证据的前提下怀疑姜萍的初赛成绩可能是不真实的？
    2.1. 我认为基于目前从阿里发布的姜萍采访视频中找到的各种疑点（比如袁新意老师在知乎发表的文章）、以及姜萍的指导老师王闰秋在2023年的阿里数学竞赛中与自己的妻子周英英排名仅相差一名这一事实，作为个人（而非公权力）质疑姜萍在本次初赛中成绩的真实性是合理的。
    2.2. 另外，假设我们真的找到了直接证据，那么还有必要仅仅是“怀疑”姜萍本次初赛的成绩有水分，而不是证实这一点吗？我认为，怀疑/质疑这样的举动之所以有存在的空间，恰恰就是因为我们并没有直接证据，所以只能根据已有的迹象和经验来做出推断。
    2.3. 第三，沈老师在播客里也提到自己“怀疑”那些质疑姜萍作弊的人之所以会这样想，是因为他们自己认为在考试中作弊是经常发生的事，甚至是因为他们自己就经常作弊。但是沈老师您自己有这些人确实这样想的直接证据吗？如果没有的话，那么按照您自己的逻辑，您能做出这样的怀疑吗？如果姜萍的采访视频中没有很多专业人士找到的那些疑点，那您这样的论断可能还有些可取之处，亦即我们不应该看到姜萍的成绩就条件反射地认为她作弊了。但我认为人的看法会随着信息更新而改变。您这样的评断似乎武断地把因为不同原因而质疑姜萍的人扣上了作弊的嫌疑，而这和您对姜萍的态度并不自洽。同样地，沈老师也提到很多人质疑姜萍的成绩不真实就是因为他们见不得这个世界上有这种美好的事，或者是他们自己“团队作战”也考不到姜萍那么高的分数。请问您这样的论断有直接证据作为支撑吗？当然，就我个人而言，同校的考生在排名表上过于集中确实很可疑，正如王闰秋在2023年的名次一样。无论他们来自哪些学校，我平等地怀疑他们违反了“不准和他人讨论”这一明文规定（见第4点）。在此提出这一点只是想指出沈老师的逻辑在我看来并不自洽。


4. 关于姜萍自证数学水平的主观必要性和客观可能性
    4.1. 首先，我认同沈老师和商老师的观点，即姜萍完全有不自证在初赛中没有作弊、成绩完全真实的自由。换句话说，姜萍在主观上没有必要证明自己。我也认为，无论姜萍如何自证，总会有一部分人仍然不买账，坚定地认为姜萍的成绩确实存在水分。但在很多有数学背景乃至专业数学家基于现有疑点而提出质疑的情况下，我认为不自证会导致这些质疑继续发酵，对沈老师所谓的“励志故事”本身的“励志”价值造成损害（见第7点）。
    4.2. 另外，我认为沈老师自己地理会考的事例在逻辑上并不能为“姜萍不需要自证”提供充分的支撑。首先，沈老师的叙述（至少在我看来）强调的是在会考的一个月后，自己已经把知识忘干净了，所以客观上没有可能以一个月后的状态再考一个高分来证明自己没有作弊。这一点和沈老师坚持的“姜萍没有必要自证”并没有直接的关联。那么退一步讲，姜萍在客观上有没有可能自证这一次初赛的成绩完全真实呢？这确实很难，因为这段时间的舆情（按常理推断）显然会影响到姜萍的状态，是一个我们无法控制的变量。但是对我个人而言，让我相信姜萍的成绩具有真实性并不需要她再在难度和广度相近的卷子上再考出一个高分。既然姜萍声称她看过一系列叫得出名字的数学教科书，那么只要她能做出这些书里的简单程度的题目，那么我个人就愿意相信她确实学习过这些课本里的内容，并且具有相应的数学水平。我个人认为这并不是一件难事，因为课本上的简单题和竞赛的难度相差甚远。当然，如沈老师所说（我也赞同这一点），无论姜萍怎么自证，总有人会坚持质疑。所以这个可能的自证方案只是我的一点个人看法，仅供参考。
(未完待续)",,0.521561324596405,50,10
沈奕斐的播客 ,178.中专生姜萍得奖，为什么被质疑？聊聊程序正义,6688a601dec0a9788fb0a40d,1,这评论区里刻意用“您”的人真的特征好明显,,0.8422901630401611,38,1
沈奕斐的播客 ,178.中专生姜萍得奖，为什么被质疑？聊聊程序正义,66881e01ec495532cce58419,1,我在这期评论中分辨男女性别的正确率达到100%，你也来试试吧:face_blowing_a_kiss:,,0.949217677116394,69,4
沈奕斐的播客 ,178.中专生姜萍得奖，为什么被质疑？聊聊程序正义,6688c84893b5e7b0cd8b6378,1,22:49 关注沈老师两年多了，但这期是真的听不下去了。有关姜萍相关的事儿有太多偷换概念先不谈，主要让我听不下去的是有关李雪琴的这一块，大家质疑的是她游泳国家二级运动员高考加了20分结果却自曝不会游泳，而质疑的起因是演员王艳的儿子因为篮球特长保送北大，结果到您这却说是世界不相信聪明的女性，既然要做节目，能不能事先做好调查再发言呢？,,0.936332106590271,123,7
沈奕斐的播客 ,178.中专生姜萍得奖，为什么被质疑？聊聊程序正义,6689599aa29a436cbc6a813d,1,那39个所谓的高材生连自己的名字都不敢透露，却要求并逼迫别人自证，没有什么比这个更可笑了，他们口口声声追求正义，怎么不敢实名举报？难道也觉得这种行为不耻吗？,,0.9472420811653137,51,2
沈奕斐的播客 ,178.中专生姜萍得奖，为什么被质疑？聊聊程序正义,6687d3bffc5e2188e449ff37,1,前两天还在跟朋友讨论这件事情，那个时候我有一个疑问：为什么更加权威的机构不能介入去调查这件事。听了沈老师和商老师的讨论让我分清楚了，原来舆论是可以不去理睬的，但是一旦有机构介入，这件事情的性质就不同了，变得当事人获得了一个有罪的假设要去证明自己没有做这件事。,,0.9337394833564758,34,1
沈奕斐的播客 ,178.中专生姜萍得奖，为什么被质疑？聊聊程序正义,6689576850b198d3cffd0972,1,无法想象姜萍现在所承受的压力。我三十多岁人被评论喷子骂一句也要郁闷大半天，何况她一个未成年人。哎……,,0.9057217240333557,33,0
沈奕斐的播客 ,177.聊聊摘套案：性同意仅仅是事前同意吗？男性的焦虑从何而来？,6674daf24241c3d0f2bc81c3,1,只要是性话题，一定要支持！性是可以被言说，更是应该被言说的。我很幸运的是，几年前当我对性还很懵懂的时候在网上刷到了沈教授的视频。每次看到一些恶心的评论真的很气，也很怕沈老师商老师不愿意再做性话题了。这次又听到真的要鼓励，鼓励鼓励！,,0.9438319206237793,244,4
沈奕斐的播客 ,177.聊聊摘套案：性同意仅仅是事前同意吗？男性的焦虑从何而来？,6674dafc4c15e003a3d526a0,1,Stealthing不是Steal + thing:face_with_tears_of_joy: 而是Stealth + ing。Stealth是隐身、秘密行动的意思，Stealthing就是偷偷摸摸的意思，不是偷东西:face_with_tears_of_joy:放到文中Stealthing就是偷偷摸摸摘掉套套的意思,,0.7699176073074341,140,5
沈奕斐的播客 ,177.聊聊摘套案：性同意仅仅是事前同意吗？男性的焦虑从何而来？,6674ceef4c75e15de2304cd5,1,24:59 “你超出我想象了” 商老师有点可爱:rolling_on_the_floor_laughing:,,0.8026148676872253,88,2
沈奕斐的播客 ,177.聊聊摘套案：性同意仅仅是事前同意吗？男性的焦虑从何而来？,6674e7d54c15e003a3ddcbea,1,沈老师，有机会的话很想能听听您聊聊《玫瑰的故事》。我和另一位同为四十多岁的女性同事很意想不到的对这部电视剧看出了上头的感觉，竟然有跟着女主一起谈了好几段恋爱的感觉，这是我完全不敢想象的，在这样的年龄，本该平静安稳波澜不惊的日子里却让我的心情起伏不定。我自己推想可能是这部剧的情感描述多多少少都有些符合我们当年的经历吧。所以也很期待您能讲述一下这部剧，也许从女性不同时期对待爱情的观点、诉求或者其他任何角度，我都特别想听。谢谢！,,0.9457666873931885,99,6
沈奕斐的播客 ,177.聊聊摘套案：性同意仅仅是事前同意吗？男性的焦虑从何而来？,6674cfae70683b6705d12975,1,24:44 哈哈哈，商老师惊呆了,,0.8822392821311951,67,3
沈奕斐的播客 ,177.聊聊摘套案：性同意仅仅是事前同意吗？男性的焦虑从何而来？,6674ea135d568a3422e773b5,1,29:38 哈哈哈哈哈哈哈哈商老师羞羞了,,0.7689322829246521,58,0
沈奕斐的播客 ,177.聊聊摘套案：性同意仅仅是事前同意吗？男性的焦虑从何而来？,6674d5c94c15e003a3d1ec44,1,34:23 很多男性都觉得，戴套只是为了避孕,,0.8660718202590942,37,2
沈奕斐的播客 ,177.聊聊摘套案：性同意仅仅是事前同意吗？男性的焦虑从何而来？,6677765b4967a93c9d62a492,1,30:08 商老师虽然害羞但是没有直接打断沈老师诶！,,0.8706799745559692,37,0
沈奕斐的播客 ,177.聊聊摘套案：性同意仅仅是事前同意吗？男性的焦虑从何而来？,6674e4f15dd55d1339571420,1,1:18:12 办不出来可以更好的陪我～～～转遍祖国的大好河山。怎么不是狠狠爱着沈老师呢？嘻嘻嘻嘻嘻嘻嘻，嗑学家在此,,0.8997235894203186,29,2
沈奕斐的播客 ,177.聊聊摘套案：性同意仅仅是事前同意吗？男性的焦虑从何而来？,6676542b6a1b0a5742d2fa29,1,29:51 “这个不好叭”哈哈哈,,0.6657865047454834,27,0
沈奕斐的播客 ,177.聊聊摘套案：性同意仅仅是事前同意吗？男性的焦虑从何而来？,6674cd1de1d16798e4b8c483,1,老师有机会可以剖析一下刚结束的恋综<恋爱兄妹>里参与者们的表现吗. 感觉蛮有趣:beaming_face_with_smiling_eyes:,,0.9238652586936951,27,1
沈奕斐的播客 ,177.聊聊摘套案：性同意仅仅是事前同意吗？男性的焦虑从何而来？,66757190b16371687e497274,1,虽然和前男友都是彼此唯一发生过性关系的人，但每次性行为都是戴安全套的，因为本人没有怀孕的打算也非常注重卫生。有一次前戏快结束发现没有tt了，前男友迅速穿上衣服去便利店买了一盒，怕事后吃紧急避孕药伤害我身体。,,0.9289891719818115,26,1
沈奕斐的播客 ,177.聊聊摘套案：性同意仅仅是事前同意吗？男性的焦虑从何而来？,6674de608de797a668ce1d08,1,25:59 哈哈哈，商老师表示从未听过如此炸裂的玩法:face_with_tears_of_joy:,,0.9219585061073303,21,0
沈奕斐的播客 ,177.聊聊摘套案：性同意仅仅是事前同意吗？男性的焦虑从何而来？,6674db6011cd5c6a3341ce80,1,30:02 这一段真的笑出猪叫了哈哈哈 原来沈老师也不喜欢 确实女性也有不喜欢的权利:partying_face:,,0.7204998731613159,31,0
沈奕斐的播客 ,177.聊聊摘套案：性同意仅仅是事前同意吗？男性的焦虑从何而来？,66750a87f62e6f9ec48e40fa,1,29:39 哈哈哈哈哈哈哈磕到了   那我们假装没听见  没关系没听见,,0.6927772164344788,19,0
沈奕斐的播客 ,177.聊聊摘套案：性同意仅仅是事前同意吗？男性的焦虑从何而来？,667632dca043fee8f63a51b2,1,沈老师，关于性健康我还想分享一个自己周围观察到的现象和具体的困惑：这两年我周围的不只一个女士与相识多年的男士，再次恋爱发生性行为后，HPV就异常了（之前接种过疫苗）。因此我们和gay朋友讨论经验，最终得出大家在选择新的性伴侣应当要求对方进行性传染病八项和HPV检查。但在落实到具体实践时，这件事情落实起来特别困难，您觉得女性产生这样的观点是否是心理层面矫枉过正呢？还是确有必要呢？,,0.74171382188797,17,1
沈奕斐的播客 ,177.聊聊摘套案：性同意仅仅是事前同意吗？男性的焦虑从何而来？,6676aa5402f4d5e56704fd82,1,29:49 笑死了，商老师没有沈老师放的开,,0.8470203876495361,16,0
沈奕斐的播客 ,177.聊聊摘套案：性同意仅仅是事前同意吗？男性的焦虑从何而来？,667517b8c29d2ffb379281fc,1,41:49 按头这个太应该讨论了。对女性的压迫在每个细节中,,0.8702573180198669,16,0
沈奕斐的播客 ,177.聊聊摘套案：性同意仅仅是事前同意吗？男性的焦虑从何而来？,6674cccc6f6a1abbd94e7d83,1,好早，一大早就有这么匪夷所思雄性行为的研究报告:folded_hands_light_skin_tone:,,0.8694855570793152,24,0
沈奕斐的播客 ,177.聊聊摘套案：性同意仅仅是事前同意吗？男性的焦虑从何而来？,6674d050c4ccbf7f752d9f20,1,30:37 商老师害羞了:smiling_face:哈哈哈哈:grinning_face_with_smiling_eyes:,,0.8736637830734253,16,0
